// bios.rom: 80653 bytes → 10082 × 64-bit words
D02066000042733D
78F278E269E1F060
800000000000FFFF
FFF06040E2050000
00000000F060503F
06000000000000F0
6060B80600000000
0000F060B0052B01
0000000000F2783B
601000F25431F060
B00800000000FFFF
FFF154B3F060B09A
16000000000000F2
780BF060B0A91600
0000000000F2781B
F060B0E38C000000
0000000D0BF060B0
7692000000000000
0D0BF060B0080100
0000FFFFFF601001
57B1F060B0800800
0000FFFFFF601000
59B162B002601018
59B162B002601010
59B162B002601000
59B162B002601000
59B162B00260100C
59B162B002601000
59B162B002601001
59B1F0600065E700
0000000000D80460
1000F060B0ECD600
000000000054B1F0
60B04CDE00000000
000054B1F060B014
D7000000000000F0
6000FFFFFFFFFFFF
FFFF54B0600000F0
60B01CD700000000
000054B0F060B024
D700000000000054
B0F060B02CD70000
0000000054B0F060
B034D70000000000
0054B0F060B03CD7
00000000000054B0
F060B044D7000000
00000060C01954B0
62B0082C66C00032
F560100AF060B0F4
D600000000000054
B1F060B010030000
00FFFFFF50CB66C0
004101B778DC68D4
780D6904770C4201
AAF060100D3B0100
000000007871707D
7771440196777E43
0191F060B00CD700
000000000054B1F0
60B00CD800000000
000054B778B1F060
00FFFFFFFFFFFFFF
FF60700054B062B0
0854B762B0082C66
C00032F0F060B00C
D800000000000050
1BF060B0FCD60000
0000000054B1F060
10CBD60000000000
00F060B004D70000
0000000054B1F060
A0BCE40000000000
00F060B074060000
000000000D0B7812
F060B0F706000000
0000000D0BF060A0
DEE4000000000000
F060B07406000000
0000000D0BF060B0
3D07000000000000
0D0BF060B0010200
0000FFFFFF561B63
10804100B8789269
9167F00854F9F060
B0D6470000000000
000D0B6600004100
99509F6000006600
7F49008E78D068D5
78A068A470DA70D9
567D667000310C78
BD62B020567B6670
0331041040FFD762
F008789F67904060
7046579778B91B60
705357B71B60704C
57B71B60704F57B7
1B60704157B71B60
704457B71B607020
57B71B6010006610
17311178AD70A156
7A667000310657B7
1B1130EA78C162C0
0767E00854E967E0
0854ECF060B00457
0000000000000D0B
300362F008F060B0
6403000000000000
0D0B020278F2F060
B0A4D90000000000
00500B660000311A
F060B0ACD9000000
000000500BF060B0
FCD6000000000000
54B0600000F060B0
A4D9000000000000
54B0F060B0ECD600
000000000050BB66
B000320860103EA4
601020A4F060B0BD
070000000000000D
0B601000F060B014
D800000000000054
B1F060B023080000
000000000D0B66C0
0041015356096600
5C41014BF060B0BE
080000000000000D
0B669000314BF060
B0ECD60000000000
0050BB66B0003127
78016300803210F0
60B0041800000000
00000D0B40FFAA60
0000F060B014DE00
000000000054B0F0
60B0E40900000000
00000D0B0D0940FF
88F060B024D80000
00000000509BF060
B02CD80000000000
0050CBF060B0F609
0000000000000D0B
660000312AF060B0
ECD6000000000000
50BB66B0003110F0
60B0571B00000000
00000D0B40FF3A67
E00854E140FF32F0
60B024D800000000
0000509BF060B02C
D800000000000050
CBF060B0A4060000
000000000D0BF060
A0EBE40000000000
00F060B074060000
000000000D0BF060
B0A4D90000000000
00500B660000311A
F060B0ACD9000000
000000500BF060B0
FCD6000000000000
54B0601000F060B0
ECD6000000000000
54B1F060B05CD800
000000000054B1F0
60B0A4D900000000
000054B140FE6378
B269B177EB3A1D78
EBF060A05AE50000
00000000F060B074
060000000000000D
0B40FE3EF060B0FC
D600000000000050
BB772B3A2577BE3A
2178B269B178EBF0
60A06BE500000000
0000F060B0740600
00000000000D0B40
FE0878B269B177BF
3A1D78F2F060A07B
E5000000000000F0
60B0740600000000
00000D0B40FDE3F0
60B0ECD600000000
000050BB66B00042
FDD0F060B03D0700
00000000000D0B40
FDC00967F00854FB
F060B0FE05000000
0000000D0B50BF62
F0080AA330E4F150
B3F170B362B00857
B1F172B367B0081B
F2543B69BC66B000
32010EF060B00600
000000FFFFFF57BB
0EF150B366B00031
0DF060B006000000
00FFFFFF57BB0EF0
60B0290600000000
00000D0BF060D002
00000000FFFFFF56
1D63100266100032
030030F3F060D001
00000000FFFFFF56
1DA330CB561A6610
00312866100A3213
60100DF060B0FE05
0000000000000D0B
60100AF060B0FE05
0000000000000D0B
1A30D10E66C00031
0E78B978DC561BA4
1B2D66D00032F60E
7801691463100F62
103066103A340362
1007F060B0FE0500
00000000000D0B78
1063100F62103066
103A3403621007F0
60B0FE0500000000
00000D0BA330C178
7169186918691863
10FFA67817691869
186310FFA6781769
186310FFA6781763
10FFA60E60100DF0
60B0FE0500000000
00000D0B60100AF0
60B0FE0500000000
00000D0B0EF060A0
E6E4000000000000
F060B07406000000
0000000D0B0E6010
20A40EB06C10896D
1089787169786978
6C70896D70897871
6978697869786978
6C70896D70896978
69786C70896D7089
B20EB06C10896D10
897871697869786C
70896D7089B20E56
7B1B56AB68A8757A
1B56AB68A868A875
7A1B56AB68A868A8
68A8757A0EF06090
E5E8000000000000
60C000A566100D31
3766100A31326610
08311966107F3114
66102034E666C0FF
31E178D970DC57D1
1CA430D766C00031
D22C601008A46010
20A4601008A430C3
F060B01C07000000
0000000D0BF060B0
1CD8000000000000
54BC0EF060B014D8
00000000000050DB
F06090E5E8000000
000000F060B01CD8
000000000000507B
77D73110390E78B9
70BD560B66002032
141D30EC60C000F0
60B014D800000000
000054BD0E78CD77
D73110390E78B970
BD560B6600203103
1D30ECF060B014D8
00000000000054BD
F06090E5E8000000
000000709C780D72
0C78C0F060B024D8
00000000000054B9
F060B02CD8000000
00000054BC0E66C0
20334BF060B0E52A
01000000000057BC
600000770C311D78
1970105671667061
340866707B330367
7020781B11701057
171030DFF060D0E5
2A010000000000FA
000D320A789078B9
62B008561B0EF060
B004D70000000000
0050DB66D000316C
78BD62B008567B78
0763007F770C3258
78BD62B009601000
771C312D780B7001
5600660061340866
007B330367002078
7970715677667061
340866707B330367
7020770732221130
CF789D78BD62B008
561B66C020331078
09F060D0E52A0100
00000000FA010D0E
50DD308F6090000E
78B162B008567B63
707F6670203344F0
60B0E52A01000000
000057B760000077
0731207891629009
709056C966C06134
0866C07B330367C0
20789B197090579C
1030DC7801F060D0
E52A010000000000
FA010D0E78B962B0
08560B63007F62B0
0170B0789B0E6010
0060000078B978DC
66D0004100EA567B
66702D320B600001
1B2D66D0004100D8
67E00854E066D002
440060567B667030
420058787B175677
6670783108667058
310340004662B002
67D00266D0004100
A260100066D00041
0089567B67703066
700A341F62703067
7041667006330562
700A300F62704167
7061667006430073
62700A681470171B
2D30C9601000F060
00F4D60000000000
00500066D0004100
42567B6770306670
0A34286270306770
4166701A33066270
0A40000F62704167
706166701A43002B
62700A7770410023
490020777041001B
490018C01070171B
2D30B8500E62E008
66000031027A1160
00010E500E62E008
6000000E78D17871
6978697869786978
6978697869786370
8066700031066010
2DA47ADD781DF060
B0F4D60000000000
0050BB60C000C51B
66000A3405620037
300362003067E008
54E01C66100032E6
66C0003109501E62
E008A42C30F20E50
1E67E00854E10E62
E0080E501E78BE62
B008500B54E054B1
0E78BE62B008501B
67E00854E10E501E
78BE62B008500B78
7E62701050D754ED
54B154700E501E62
E00854E10E501E78
BE62B008500B54B1
54E067E00854E10E
501E78BE62B00850
0B67E00854E067E0
0854E10E62E0100E
78126911721E6913
67E00854E10E781E
67E00854E10E6010
50F060B0C8170000
000000000D0B6010
EEF060B0C8170000
000000000D0B0E78
1F62101067E00854
E10E601050F060B0
C817000000000000
0D0B6010FEF060B0
C817000000000000
0D0B601062F060B0
C817000000000000
0D0B6010E0F060B0
C817000000000000
0D0B601008F060B0
C817000000000000
0D0B0E501E62E008
681378BE70B1501B
67E00854E10E501E
62E008661000311D
7871687378BE70B7
500B78CB67C00850
DC54BD78BC216610
0032EF54E00E501E
62E008500E700154
E00E501E62E00850
0E720154E00E501E
62E008500EC00154
E00E501E62E00850
7E7807C20178B7C3
B154E067E00854EB
0E501E62E008507E
C47154E70E501E62
E008500EC60154E0
0E501E62E008507E
7807C47154E067E0
0854E70E501E7A11
54E10E501E780169
0869086908690869
0869086908630080
66000031047A1154
E10E501E1154E10E
501E2154E10E501E
62E008500E740154
E00E501E62E00850
0E750154E00E501E
62E008500E760154
E00E501E791154E1
0E501E62E008500E
7B0154E00E501E62
E008500E7C0154E0
0E501EC80154E00E
501EC90154E00E50
1ECA0154E00E501E
CB0154E00E501ECF
0154E00E501ECF01
54E00E501ECF0160
70207C0754E00E50
1ECF016070307C07
54E00E500E791066
10003111CA716010
017B17750154E067
E00854E70EF060A0
EB0D000000000000
F060B07406000000
0000000D0BF060B0
3D50000000000000
0D0B0E706F6F6C20
66756C6C00507E62
E008500E6010017B
177911740154E00E
501EC80154E00E50
1E62E008500E7701
600000320BF06000
FFFFFFFFFFFFFFFF
54E00E501E62E008
500E7701600000D0
0078706972637001
78B069B363B00176
7B60000066700031
0BF06000FFFFFFFF
FFFFFFFF54E00E50
1E62E008500E7701
600000D000787063
7001667000322378
70697263700178B0
69B363B001767B66
7000320EF06000FF
FFFFFFFFFFFFFF54
E00E60000054E00E
501E600000661000
320BF06000FFFFFF
FFFFFFFFFF54E00E
501E780169086908
6908690869086908
6908630080601000
660000310BF06010
FFFFFFFFFFFFFFFF
54E10E501E500154
E00E501E62E00850
0E62E00854100E50
1E560154E00E501E
62E008500E62E008
57100E501E62E008
6000002054100E50
1E62E008500E62E0
085410500E62E008
62100854100E501E
621008500154E067
1008500167E00854
E00EF060B0FCD600
0000000000501B67
E00854E10E501E62
E008F060B0FCD600
0000000000500B77
203A12700177203A
097810621000771E
390854B00E700154
B00EF060A0E4E500
0000000000F060B0
7406000000000000
0D0BF060B03D5000
00000000000D0B02
501E62E008F060B0
FCD6000000000000
500B540162000854
B00E501E62E008F0
60B0FCD600000000
0000500B57011054
B00E501E62E008A4
0EA567E00854E10E
F060D00200000000
FFFFFF561D631002
661000600000310B
F06000FFFFFFFFFF
FFFFFF67E00854E0
0EF060B01C070000
000000000D0B0E50
1E62E008F060B0F4
0A0000000000000D
0BF060B056070000
000000000D0B0E50
1E62E008F060B016
0B0000000000000D
0BF060B056070000
000000000D0B0E60
103CA47812691172
1E691378D1F060B0
F40A000000000000
0D0BF060A001E500
0000000000F060B0
7406000000000000
0D0B66D000313378
B269B167B00877BE
3428501B67F00854
FBF060C0F40A0000
000000000D0CF060
C056070000000000
000D0C50BF62F008
30D10E601010F060
B0F4D60000000000
0054B10E60100AF0
60B0F4D600000000
000054B10EF06010
F4D6000000000000
67E00854E10EF060
B004D70000000000
0050DB66D0003135
78BD62B00856CB63
C07F1B67F00854FD
789BF060B0A40600
00000000000D0BF0
60B0560700000000
00000D0B50DF62F0
0850DD30C6F060B0
1C07000000000000
0D0B0EF060A0FBE4
000000000000F060
B074060000000000
000D0BF060B02906
0000000000000D0B
0250CE62E008509E
62E00866C000313F
7819F060B0F70600
00000000000D0B60
103AA4601020A460
D01066C000311166
D000310C5619A660
1020A4192C2D30EA
F060B01C07000000
0000000D0B30BC0E
507E62E00850CE62
E008509E62E0086C
70F9029C0E507E62
E00850CE62E00850
9E62E00866C00031
0859976290022C30
F30E501E62E00850
DE62E00850BE62E0
08500E62E008509E
62E00866D0003116
787978CB66C00031
0859716270022C30
F370902D30E50E67
F00854F2501E62E0
08500E62E008509E
62E00850BE62E008
66B000312B60D008
66D0003123567B1B
78C960A00866A000
3111782763208031
0259C1687162C002
2A30EA70902D30D8
502F62F0080E67F0
0854F250BE62E008
501E62E008500E62
E008509E62E00850
DE62E008507E62E0
0866D00041008067
F00854FB67F00854
F767F00854FD67F0
0854F9509F5FDF01
66D00041005E5F7F
025FBF0356A71778
2F622010542766A0
20330360A02067A0
2068A370BA60D008
66D0003123567B1B
78C960A00866A000
3111782763208031
0259C1687162C002
2A30EA70902D30D8
509F62901054F95F
DF012D782F622008
542D309762F02050
2F62F0080E67F008
54F250AE62E00850
9E62E008507E62E0
08501E62E008500E
62E00866A0004100
5966900041005377
1043002D41004B78
2A22C02270027012
66A00041003C78D0
78C178B966B00031
09562D57C21D1C2B
30F2720772172A30
DF66A00041001B78
D078C178B966B000
3109562D57C21D1C
2B30F2700770172A
30DF502F62F0080E
F060A004E5000000
000000F060B07406
0000000000000D0B
D114A6F060A00BE5
000000000000F060
B074060000000000
000D0BD115A6F060
B01C070000000000
000D0BF060A013E5
000000000000F060
B074060000000000
000D0BD116F060B0
F706000000000000
0D0BF060A019E500
0000000000F060B0
7406000000000000
0D0BD117F060B0F7
060000000000000D
0BF060A020E50000
00000000F060B074
060000000000000D
0BD118F060B0F706
0000000000000D0B
F060B01C07000000
0000000D0BF060A0
26E5000000000000
F060B07406000000
0000000D0BD119F0
60B0F70600000000
00000D0B601020A4
D11AF060B0F70600
00000000000D0B60
1020A4D11BF060B0
F706000000000000
0D0B601020A4D11C
F060B0F706000000
0000000D0BF060B0
1C07000000000000
0D0B0E509E62E008
60D00460C0105619
A6601020A4192C66
C00032F2F060B01C
070000000000000D
0B2D66D00032DC0E
507E62E008509E62
E00860C0406C70F9
029C0E500E62E008
D8160E500E62E008
D8170E500E62E008
D8180E500E62E008
D8140E500E62E008
D8150EE0000EE001
0EE0020EE0030EE0
040EE1000EE1010E
E2000EE2010EE202
0EE3000EE3040EF0
60B00001000000FF
FFFF5A1B67E00854
E10ED01967E00854
E00ED01A67E00854
E00ED01B67E00854
E00ED01C67E00854
E00EE2030EE2040E
E0050EE0060EE007
0EE2050EE2060EE2
070EE1020EE1030E
E1040EE1050EE106
0EF8E3020EF8E303
0EF8E3040EF8E305
0EF8E3060ED01D67
E00854E00EF8E302
D01D630002660000
310DF06000FFFFFF
FFFFFFFFFF300360
000067E00854E00E
D01467E00854E00E
D01567E00854E00E
509E62E0080D090E
F060B02308000000
0000000D0B66C000
3125F060B0BE0800
00000000000D0B66
90003113F060B0E4
090000000000000D
0B67E00854E90E60
000067E00854E00E
F060B02016000000
0000000D0B501E62
E008F060B0551700
00000000000D0B78
1067100DF060B012
170000000000000D
0B0E500E62001E54
E00E50B362300867
F00854F3783BA330
F1503F62F008A330
F8F060B0FCD60000
00000000500BB060
70F46C70896070A0
6C70896C10896D10
897871697869786C
70896D7089697869
786C70896D708969
7869786C70896D70
89B2F060B0FCD600
000000000054B078
10671008F060B012
170000000000000D
0B0EF060B02CDE00
0000000000507B66
70003130F060B03C
DE00000000000050
0BF060B034DE0000
00000000507B78B7
68B3700B540117F0
60B034DE00000000
000054B70EF060B0
FCD6000000000000
500BB06070F06C70
896070606C708960
70106C70896C1089
6D10897871697869
786C70896D708969
7869786C70896D70
89697869786C7089
6D70896070676C70
896070E06C708960
70086C7089607054
6C70896070E16C70
89B2F060B0FCD600
000000000054B00E
F060B0FCD6000000
000000500B570110
54B00EF060B0FCD6
000000000000500B
B06070F46C708960
70A16C7089B2F060
B0FCD60000000000
0054B00EF060B0EC
DD00000000000050
BB66B0004102A2F0
60B014DE00000000
0000500B66000041
01B1660001410003
4000C2F060001CA1
0000000000007790
410043F0600034A1
0000000000007790
41004EF0600034A2
0000000000007790
410059F060004EA2
0000000000007790
41005CF0600067A2
0000000000007790
41005F400155F060
B01CDE0000000000
00501B6000807710
4301406070624002
45F060B01CDE0000
00000000501B6000
8077104301256070
6740022AF060B01C
DE00000000000050
1B607063400217F0
60B01CDE00000000
0000501B60706440
0204F060B01CDE00
0000000000501B60
70654001F1F060B0
1CDE000000000000
50CB67F00854F9F0
60D02E1F00000000
0000500D66000041
002C770C42001762
D008500D77094100
2562D008567D62D0
0170D740FFDC62D0
0862D008567D62D0
0170D740FFCC509F
62F00840008D62D0
0856CD62D001F060
B0FCD60000000000
00507BF060B024DE
000000000000500B
727062700A727CF0
60B0FCDD00000000
0000501B701754B1
66C00041001A6070
00777C410010781D
7017561178B070B7
57B11740FFEB700C
F060B0FCD6000000
00000054B0F060B0
0CDE000000000000
501B1154B1601000
F060B014DE000000
00000054B1509F62
F0080E600000F060
B014DE0000000000
0054B0F060B0FCD6
000000000000500B
F060B024DE000000
00000054B067F008
54F9F060D0EE1D00
0000000000500D66
0000410097770941
000D62D008567D62
D00170D740FFE662
D00856CD62D001F0
60B0FCD600000000
0000500B60700077
7C410010781D7017
561178B070B757B1
1740FFEB700CF060
B0FCD60000000000
0054B0F060B0F4DD
000000000000501B
1154B160100A721C
F060B0FCDD000000
000000500B700154
B0509F601002F060
B014DE0000000000
0054B1F060B01CDE
00000000000054B9
62F0080E509F62F0
08600000F060B014
DE00000000000054
B0F060B0E4090000
000000000D0B7819
F060B0B116000000
0000000D0B0EF060
B024DE0000000000
00500B60B050570B
1060B01E570B1057
071060B010570B10
57011060B054570B
1060B0E1570B10F0
60B0FCD600000000
000054B0F060B0FC
DD00000000000050
0B62000B54B0F060
B004DE0000000000
00500B1054B06000
00F060B014DE0000
0000000054B00EF0
60B0ECDD00000000
000050BB66B00041
011EF060B0FCD600
0000000000500BF0
60B024DE00000000
000054B078016908
660000420077F060
B0FCD60000000000
00500B6070605707
1060701057071057
0110607067570710
6070E05707106070
0857071060705457
07106070E1570710
F060B0FCD6000000
00000054B0F060B0
FCDD000000000000
500B62000854B060
0001F060B014DE00
000000000054B0F0
60B01CDE00000000
000054B10EF06000
FFFFFFFFFFFFFFFF
7710420073F060B0
FCD6000000000000
500B607060570710
6070105707106070
0057071060702157
0710607067570710
6070E05707106070
0857071060705457
07106070E1570710
F060B0FCD6000000
00000054B0F060B0
FCDD000000000000
500B62000754B060
0000F060B014DE00
000000000054B00E
600000F060B014DE
00000000000054B0
F060B05517000000
0000000D0B0E6010
01F060B0ECDD0000
0000000054B10E60
1000F060B0ECDD00
000000000054B10E
601000F060B0F4DD
00000000000054B1
F060B0FCDD000000
00000054B1F060B0
04DE000000000000
54B1F060B00CDE00
000000000054B1F0
60B014DE00000000
000054B10EF060A0
28E7000000000000
F060B07406000000
0000000D0BF060B0
F4DD000000000000
501BF060B0F70600
00000000000D0BF0
60A030E700000000
0000F060B0740600
00000000000D0BF0
60B004DE00000000
0000501BF060B0F7
060000000000000D
0BF060A03DE70000
00000000F060B074
060000000000000D
0BF060B00CDE0000
00000000501BF060
B0F7060000000000
000D0BF060A048E7
000000000000F060
B074060000000000
000D0BF060B0FCDD
000000000000501B
F060B0F706000000
0000000D0BF060A0
57E7000000000000
F060B07406000000
0000000D0B0EF39F
0000000000000362
E008AEA000000000
00000362E010E8A4
0000000000000650
1E500154E023B600
000000000006501E
681354E1CBA10000
0000000006501E7A
1154E181A2000000
00000006501E7911
54E1D99F00000000
000007501E67E008
54E15EA000000000
000007501E62E008
54E13FB600000000
000007501E621008
54E11CA100000000
00000B501E62E008
500E700154E034A1
0000000000000B50
1E62E008500E7201
54E034A200000000
00000B501E62E008
500E740154E04EA2
0000000000000B50
1E62E008500E7501
54E067A200000000
00000B501E62E008
500E760154E029A0
0000000000000C78
BE62B008501B67E0
0854E100A5000000
0000000C501E62E0
08500E62E0085410
9FAC000000000000
07501E62101E54E1
0EA0000000000000
0D501E78BE62B008
500B54E054B10000
000000000000D99F
0000000000001CA1
0000000000000650
1E701154E10EA000
0000000000F39F00
000000000007501E
62E00854E1D99F00
0000000000E8A400
000000000009501E
500167E00854E029
A00000000000001C
A10000000000000D
78BE62B008500B50
1E701054E1D99F00
0000000000F39F00
0000000000000EA0
0000000000000EA0
0000000000000000
00000000000000F0
60B0ECD600000000
000050BB66B00031
1BF060A012E60000
00000000F060B074
060000000000000D
0B40E3B6601000F0
60B0B4D900000000
000054B1F060B014
DE00000000000054
B1F060B0FCD60000
0000000050BB772B
3A2062B00077BE3A
19F060A0D3E50000
00000000F060B074
060000000000000D
0B0EF060B0230800
00000000000D0B66
C0004100A067E008
54E967E00854ECF0
60B0FCD600000000
0000500B67E00854
E0F060B004D70000
00000000501B5401
62000850CE78BE62
B00850CB570C1078
BE62B010509B6010
00771C310C787970
7156775707101130
F0F060B0FCD60000
0000000054B0500E
F060B004D7000000
00000054B07810F0
60B0900900000000
00000D0B62E01860
1001F060B0ECD600
000000000054B1F0
60B05CD800000000
000054B10EF060A0
2CE5000000000000
F060B07406000000
0000000D0B0EF060
B0ECD60000000000
0050BB66B000321B
F060A047E5000000
000000F060B07406
0000000000000D0B
40E26FF060B0C4D9
00000000000050BB
66B000311BF060A0
33E6000000000000
F060B07406000000
0000000D0B40E242
F060B0DB17000000
0000000D0B601000
F060B0ECD6000000
00000054B1F060B0
5CD8000000000000
54B1F060B014DE00
000000000054B10E
F060B0ECD6000000
00000050BB66B000
311BF060A012E600
0000000000F060B0
7406000000000000
0D0B40E1DD601000
F060B014DE000000
00000054B1F060B0
FCD6000000000000
500B67E00854E0F0
60B0BCD900000000
000054B0601001F0
60B0ECD600000000
000054B1F060B05C
D800000000000054
B1F060B0B4D90000
0000000054B10E67
F00854F07801F060
B000800000000000
00700BF060B00000
010000000000770B
342A500F62F008F0
60A0F7E600000000
0000F060B0740600
00000000000D0BF0
60B03D5000000000
00000D0B500F62F0
080EF060B0A4D900
0000000000500B66
0000324FF060B0EC
D600000000000050
BB66B000324DF060
B0FCD60000000000
00500BF060B0ACD9
00000000000054B0
600001F060B0A4D9
00000000000054B0
600001F060B0ECD6
00000000000054B0
400010620001F060
B0A4D90000000000
0054B0601050F060
B0C8170000000000
000D0B60101EF060
B0C8170000000000
000D0B601062F060
B0C8170000000000
000D0B6010E0F060
B0C8170000000000
000D0B601008F060
B0C8170000000000
000D0B601066F060
B0C8170000000000
000D0B601010F060
B0C8170000000000
000D0B601000F060
B0C8170000000000
000D0BF060B0FCD6
000000000000501B
7801607041570710
67E00854E0607000
570710570710F060
B0FCD60000000000
0054B00EF060B0FC
D600000000000050
0B60704057071078
D060700057071057
0710F060B0FCD600
000000000054B050
9E62E008F060B0FC
D600000000000050
0B78107219671002
F060B01F22000000
0000000D0B787169
78579719579167E0
0854ED0E509E62E0
08F060B0FCD60000
00000000500B7810
7219671002F060B0
1F22000000000000
0D0B787169785797
195791F060B0A4D9
000000000000500B
6600003176670001
54B0660000326CF0
60B0DB1700000000
00000D0B600000F0
60B0ECD600000000
000054B0F060B0AC
D900000000000050
9B0D09F060B0FCD6
000000000000501B
F060B0ACD9000000
000000500B770131
0860700057071030
F4F060B0ACD90000
00000000500BF060
B0FCD60000000000
0054B00EF060B0FC
D600000000000050
1B67E00854E10E60
1050F060B0C81700
00000000000D0B60
101EF060B0C81700
00000000000D0B60
1062F060B0C81700
00000000000D0B60
10E0F060B0C81700
00000000000D0B60
1008F060B0C81700
00000000000D0B60
1066F060B0C81700
00000000000D0B60
1010F060B0C81700
00000000000D0B60
1000F060B0C81700
00000000000D0B50
9E62E008F060B0FC
D600000000000050
0B78197210671003
F060B01F22000000
0000000D0B607041
5707107871697857
0710570110F060B0
FCD6000000000000
54B00E509E601050
F060B0C817000000
0000000D0B60101E
F060B0C817000000
0000000D0B601062
F060B0C817000000
0000000D0B6010E0
F060B0C817000000
0000000D0B601008
F060B0C817000000
0000000D0B601066
F060B0C817000000
0000000D0B601010
F060B0C817000000
0000000D0B601000
F060B0C817000000
0000000D0BF060B0
FCD6000000000000
500B607041570710
67E00854E0607000
570710570710F060
B0FCD60000000000
0054B00E50DE62E0
08509E62E008F060
B0FCD60000000000
00500B6070405707
1078197210671002
F060B01F22000000
0000000D0B787169
78570710570110F0
60B0FCD600000000
000054B0F060B0FC
D600000000000050
0B7810721D671002
F060B01F22000000
0000000D0B787169
7857D71D57D10E67
E00860100054E10E
F06010690B000000
000000F060B0B116
0000000000000D0B
F060100F0E000000
000000F060B0B116
0000000000000D0B
601050F060B0C817
0000000000000D0B
60101EF060B0C817
0000000000000D0B
601062F060B0C817
0000000000000D0B
6010E0F060B0C817
0000000000000D0B
601008F060B0C817
0000000000000D0B
601066F060B0C817
0000000000000D0B
601010F060B0C817
0000000000000D0B
601000F060B0C817
0000000000000D0B
F060B0FCD6000000
000000500B607041
57071067E00854E0
6070005707105707
10F060B0FCD60000
0000000054B0F060
10570B0000000000
00F060B0B1160000
000000000D0B0EF0
60B0942300000000
00000D0B0EF06010
570B000000000000
F060B0B116000000
0000000D0B509E66
9000313062E008F0
60B0FCD600000000
0000500B78107219
671002F060B01F22
0000000000000D0B
7871697857971957
9140FFC962E0080E
F060B0ECD6000000
00000050BB66B000
321BF060A047E500
0000000000F060B0
7406000000000000
0D0B40DB6D601050
F060B0C817000000
0000000D0B60101E
F060B0C817000000
0000000D0B601062
F060B0C817000000
0000000D0B6010E0
F060B0C817000000
0000000D0B601008
F060B0C817000000
0000000D0B601050
F060B0C817000000
0000000D0B60107E
F060B0C817000000
0000000D0B601062
F060B0C817000000
0000000D0B6010E0
F060B0C817000000
0000000D0B601008
F060B0C817000000
0000000D0B601067
F060B0C817000000
0000000D0B6010F0
F060B0C817000000
0000000D0B601008
F060B0C817000000
0000000D0B601054
F060B0C817000000
0000000D0B6010F7
F060B0C817000000
0000000D0B601067
F060B0C817000000
0000000D0B6010F0
F060B0C817000000
0000000D0B601008
F060B0C817000000
0000000D0B601054
F060B0C817000000
0000000D0B6010F1
F060B0C817000000
0000000D0BF060B0
FCD6000000000000
501B67E00854E1F0
60B0E4D900000000
0000501B67E00854
E1F060B0DCD90000
00000000501BF060
B0E4D90000000000
0054B10EF060B0EC
D600000000000050
BB66B000321BF060
A047E50000000000
00F060B074060000
000000000D0B40D9
C1601050F060B0C8
170000000000000D
0B60101EF060B0C8
170000000000000D
0B601062F060B0C8
170000000000000D
0B6010E0F060B0C8
170000000000000D
0B601008F060B0C8
170000000000000D
0B601050F060B0C8
170000000000000D
0B60107EF060B0C8
170000000000000D
0B601062F060B0C8
170000000000000D
0B6010E0F060B0C8
170000000000000D
0B601008F060B0C8
170000000000000D
0B601067F060B0C8
170000000000000D
0B6010F0F060B0C8
170000000000000D
0B601008F060B0C8
170000000000000D
0B601054F060B0C8
170000000000000D
0B6010F7F060B0C8
170000000000000D
0B601067F060B0C8
170000000000000D
0B6010F0F060B0C8
170000000000000D
0B601008F060B0C8
170000000000000D
0B601054F060B0C8
170000000000000D
0B6010F1F060B0C8
170000000000000D
0B601077F060B0C8
170000000000000D
0B601017F060B0C8
170000000000000D
0B601042F060B0C8
170000000000000D
0B601000F060B0C8
170000000000000D
0B601006F060B0C8
170000000000000D
0B601062F060B0C8
170000000000000D
0B6010F0F060B0C8
170000000000000D
0B601010F060B0C8
170000000000000D
0B601040F060B0C8
170000000000000D
0BF060B0FCD60000
0000000050DB6010
00F060B0C8170000
000000000D0B6010
00F060B0C8170000
000000000D0BF060
B0FCD60000000000
00501B67E00854E1
F060B0E4D9000000
000000501B67E008
54E1F060B0DCD900
0000000000501BF0
60B0E4D900000000
000054B166108034
25F060A00FE70000
00000000F060B074
060000000000000D
0BF060B03D500000
000000000D0B7891
6893F06070ECD900
0000000000707954
7DF060B0DCD90000
000000001154B10E
F060B0ECD6000000
00000050BB66B000
321BF060A047E500
0000000000F060B0
7406000000000000
0D0B40D70D601050
F060B0C817000000
0000000D0B60101F
F060B0C817000000
0000000D0B601011
F060B0C817000000
0000000D0B601054
F060B0C817000000
0000000D0B6010F1
F060B0C817000000
0000000D0B601078
F060B0C817000000
0000000D0B60107F
F060B0C817000000
0000000D0B601062
F060B0C817000000
0000000D0B601070
F060B0C817000000
0000000D0B601008
F060B0C817000000
0000000D0B601050
F060B0C817000000
0000000D0B601077
F060B0C817000000
0000000D0B601077
F060B0C817000000
0000000D0B601017
F060B0C817000000
0000000D0B50CE62
E008509E62E008F0
60B0FCD600000000
0000500B60704257
0710781972106710
02F060B01F220000
000000000D0B7871
6978570710570110
6070625707106070
F057071060701057
0710F060B0FCD600
000000000054B0F0
60B0DCD900000000
0000501BF060B0E4
D900000000000050
7B77713137F06090
ECD9000000000000
7771312878B768B3
70B950BB78D072DB
67D002781D691857
B11B57BD17F060B0
DCD9000000000000
501B30D4F060B0E4
D900000000000050
1BF060B0DCD90000
0000000054B1F060
B0E4D90000000000
0054BC0E78BF62B0
10501B67E00854E1
0EF060B0DB170000
000000000D0B0E60
1050F060B0C81700
00000000000D0B60
101EF060B0C81700
00000000000D0B60
1062F060B0C81700
00000000000D0B60
10E0F060B0C81700
00000000000D0B60
1008F060B0C81700
00000000000D0B60
1067F060B0C81700
00000000000D0B60
10F0F060B0C81700
00000000000D0B60
1008F060B0C81700
00000000000D0B60
1054F060B0C81700
00000000000D0B60
10F1F060B0C81700
00000000000D0B0E
601050F060B0C817
0000000000000D0B
60101FF060B0C817
0000000000000D0B
601062F060B0C817
0000000000000D0B
6010F0F060B0C817
0000000000000D0B
601008F060B0C817
0000000000000D0B
601067F060B0C817
0000000000000D0B
6010E0F060B0C817
0000000000000D0B
601008F060B0C817
0000000000000D0B
601054F060B0C817
0000000000000D0B
6010E1F060B0C817
0000000000000D0B
0E601050F060B0C8
170000000000000D
0B60101FF060B0C8
170000000000000D
0B601067F060B0C8
170000000000000D
0B6010E0F060B0C8
170000000000000D
0B601008F060B0C8
170000000000000D
0B601054F060B0C8
170000000000000D
0B6010E1F060B0C8
170000000000000D
0B0E78BF62B01062
B010501B67E00854
E10EF060B0ECD600
000000000050BB66
B000321BF060A047
E5000000000000F0
60B0740600000000
00000D0B40D34B60
1062F060B0C81700
00000000000D0B60
10F0F060B0C81700
00000000000D0B60
1010F060B0C81700
00000000000D0B0E
F060B0ECD6000000
00000050BB66B000
321BF060A047E500
0000000000F060B0
7406000000000000
0D0B40D2ED601050
F060B0C817000000
0000000D0B60107E
F060B0C817000000
0000000D0B601062
F060B0C817000000
0000000D0B6010E0
F060B0C817000000
0000000D0B601008
F060B0C817000000
0000000D0B601050
F060B0C817000000
0000000D0B60101F
F060B0C817000000
0000000D0B601070
F060B0C817000000
0000000D0B601017
F060B0C817000000
0000000D0B601054
F060B0C817000000
0000000D0B6010F1
F060B0C817000000
0000000D0B601078
F060B0C817000000
0000000D0B60107F
F060B0C817000000
0000000D0B601062
F060B0C817000000
0000000D0B601070
F060B0C817000000
0000000D0B601008
F060B0C817000000
0000000D0B601050
F060B0C817000000
0000000D0B601077
F060B0C817000000
0000000D0B601077
F060B0C817000000
0000000D0B601017
F060B0C817000000
0000000D0B50CE62
E008509E62E008F0
60B0FCD600000000
0000500B60704257
0710781972106710
02F060B01F220000
000000000D0B7871
6978570710570110
6070625707106070
F057071060701057
0710F060B0FCD600
000000000054B0F0
60B0DCD900000000
0000501BF060B0E4
D900000000000050
7B77713137F06090
ECD9000000000000
7771312878B768B3
70B950BB78D072DB
67D002781D691857
B11B57BD17F060B0
DCD9000000000000
501B30D4F060B0E4
D900000000000050
1BF060B0DCD90000
0000000054B1F060
B0E4D90000000000
0054BC0E509E62E0
08F060B0FCD60000
00000000500B6070
4057071078197210
671002F060B01F22
0000000000000D0B
7871697857071057
0110F060B0FCD600
000000000054B00E
F06010ECD6000000
00000067E00854E1
0E601000F060B0EC
D600000000000054
B10E601001F060B0
ECD6000000000000
54B10E501E62E008
F060B0571B000000
0000000D0B0EF060
B0B4D90000000000
0050BB66B000311B
F060A0F9E5000000
000000F060B07406
0000000000000D0B
40D01FF060B004D7
000000000000509B
78B962B008560B64
008057B00EF060B0
2308000000000000
0D0B66C0004100F0
78D9787CF060B0FC
D600000000000050
0B7810F060B004D7
00000000000050BB
540B620008570710
78BD78C7569B5709
1B102C66C00032F4
789062901EB060C0
F06CC08960C0606C
C08960C0106CC089
78D06C90896D9089
78C969C869C86CC0
896DC08969C869C8
6CC0896DC08969C8
69C86CC0896DC089
60C0676CC08960C0
E06CC08960C0086C
C08960C0546CC089
60C0E16CC08960C0
0E6CC08960C0006C
C089898989898989
898989898989B2F0
60B0FCD600000000
000054B0F060B004
D700000000000054
B167F00854FDF060
B090090000000000
000D0B50DF62F008
781DF060B0121700
00000000000D0B0E
F060A02CE5000000
000000F060B07406
0000000000000D0B
0EF060B0ECD60000
0000000050BB66B0
003273F060B014D8
00000000000050DB
1DF06090E5E80000
00000000F060A0E5
E700000000000060
C000F060B01CD800
0000000000507B77
D7311A78B970BD56
1B1D661022310E78
BA70BC57B11C66C0
FF310230D578BA70
BC60100057B167E0
0854EA67E00854EC
F060B014D8000000
00000054BD0EF060
10CD350000000000
00F060B0B1160000
000000000D0BF060
B014D80000000000
0050DBF06090E5E8
000000000000709D
5619661020320119
5619661000311666
10223110F060B0C8
170000000000000D
0B1930E419601000
F060B0C817000000
0000000D0BF060B0
E5E8000000000000
729BF060B014D800
000000000054B90E
ADD2000000000000
042853222950AF78
9A56196610003103
1930F67819721A67
E00854EA67E00854
E11954F90E501E66
1000311F78016908
6908690869086908
6908690863008066
0000320760100021
54E10E60100054E1
0E501E62E008507E
7771310760100021
54E10E60100054E1
0E501E6610003206
60100054E10E6010
002154E10E501E66
1000310567E00854
E10E501E62E00850
7E77713A02787154
E70E501E62E00850
7E777139023A0354
E70E54E10E501E68
1354E10E501E6210
0854E10E501E62E0
08507E62E0085091
709754190E501E68
1154E10E500E62E0
08507E62E008509E
62E008F900790E50
0E62E008507E62E0
08509E62E008F901
790E501E78BE62B0
08507B789E629010
50D954E754BD5491
0E60102067E00854
E10E6010002167E0
0854E10E60100067
E00854E10E50DE62
E008F060B014D800
0000000000500BF0
6090E5E800000000
0000F060B01CD800
0000000000507BF0
60B0FCD600000000
000050AB781A1A60
C000770731273925
78B970B056BB77BD
32031030ED770731
14391278B970B056
BB77BD310757AB1A
1C1030E910571C60
B00057ABF060B014
D800000000000054
B067E00854E10EF0
60B0230800000000
00000D0B66C00041
E963F060B0FCD600
0000000000500B78
D0F060B004D70000
00000000501B5401
620008570C106010
00771C310C787970
7156775707101130
F07810621011B060
70F06C7089607060
6C70896070106C70
8978906C10896D10
897871697869786C
70896D7089697869
786C70896D708969
7869786C70896D70
896070676C708960
70E06C7089607008
6C70896070546C70
896070E16C708960
700E6C7089B26010
005401620008F060
B0FCD60000000000
0054B0F060B004D7
00000000000054BD
781D67F00854F9F0
60B0900900000000
00000D0B509F62F0
087819F060B01217
0000000000000D0B
0E50AE62E008F060
B023080000000000
000D0B66C00041E8
64F060B0FCD60000
00000000500B7810
67E00854E1F060B0
04D7000000000000
501B540162000857
0C10601000771C31
0C78797071567757
07101130F0F060B0
FCD6000000000000
54B0781AF060B055
170000000000000D
0BF060B0DB170000
000000000D0B501E
62E008F060B004D7
00000000000054B1
F060B09009000000
0000000D0B0E50CE
62E008509E62E008
66C00031075619A4
192C30F40E601020
A40E50CE62E00866
C0003107601020A4
2C30F40EF060B01C
D800000000000050
0BF060B014D80000
0000000054B00EF0
6090E5E800000000
0000F060B014D800
000000000050DBF0
60B01CD800000000
000050CB60000177
DC311E78B970BD56
1B1D661028320562
000130EB66102932
E667000166000032
DEF060B014D80000
0000000054BD0EF0
60B0ECD600000000
000050BB66B00032
47F060B014D80000
0000000050DB1DF0
6090E5E800000000
0000F060B01CD800
0000000000507B77
D7310F78B970BD56
1B1D6610223103A4
30E0F060B014D800
000000000054BD0E
F06010833A000000
000000F060B0B116
0000000000000D0B
F060B014D8000000
00000050DB1DF060
90E5E80000000000
00F060B01CD80000
00000000507B77D7
311B78B970BD561B
1D661022310FF060
B0C8170000000000
000D0B30D4601000
F060B0C817000000
0000000D0BF060B0
14D8000000000000
54BD0E50AFF060B0
7406000000000000
0D0B50AF561A1A66
100032F854FA0E50
CE62E008509E62E0
0860D00077DC3115
A566100D310F6610
0A310A7879707D57
711DA430E7F060B0
1C07000000000000
0D0B67E00854ED0E
F060B00104000000
FFFFFF561B67E008
54E10E50CE62E008
509E62E008F060B0
0004000000FFFFFF
780B6200027819F0
60B05B0700000000
00000D0BF060B000
04000000FFFFFF78
0B62000A781C5701
10787C6978570760
100157B10E509E62
E008F060B0000400
0000FFFFFF780B10
5610787163700266
70003145780B6200
027819F060B05B07
0000000000000D0B
F060B00004000000
FFFFFF60100257B1
780B105610631010
66100032F3780B62
000A561010567068
78751767E00854E1
0E60100067E00854
E10EF060100E0400
0000FFFFFF67E008
54E10EF060B00102
000000FFFFFF561B
67E00854E10E501E
62E008F060B00202
000000FFFFFFBB6C
10896D1089787169
7869786C70896D70
89B20E501E62E008
F060B00602000000
FFFFFFBB6C10896D
1089787169786978
6C70896D70897871
6978697869786978
6C70896D70896978
69786C70896D7089
B20E501E62E008F0
60B00E02000000FF
FFFF57B10EF060B0
0002000000FFFFFF
60100157B10EF060
B00002000000FFFF
FF60100257B10EF0
60B00002000000FF
FFFF6010FF57B10E
F060B01102000000
FFFFFF561B1B567B
687875171B567B68
78687875171B567B
6878687868787517
67E00854E10EF060
B01A02000000FFFF
FFF060009F070000
000000000D0067E0
0854E70EF060B01E
02000000FFFFFF56
1B67E00854E10EF0
60C0000010000000
0000F060B0080600
0000FFFFFF567B66
7000310B2C66C000
42FFE760000A0E60
00000EF060B00906
000000FFFFFF6070
0157B70E78DA2D70
D977D94400967792
3107390577D24400
8FF060B038030000
00FFFFFF501B62B0
08507B6670003116
78C170C777C13A0E
7791310539034000
0577DC440062F060
B02003000000FFFF
FF501B62B008507B
667000311678C170
C777C13A0E779131
05390340000577DC
440035F060B05003
000000FFFFFF501B
62B008507B667000
311678C170C777C1
3A0E779131053903
40000577DC440008
6000060E6000050E
6000000E67F02054
F078BF62B00854BC
62B01054BAF060C0
0000100000000000
F060B00102000000
FFFFFF567B637001
667000310A2C66C0
0042FFE4400164F0
60B01602000000FF
FFFFF060009F0700
00000000000D0078
BF62B01054B7500F
6600FF3146F06000
0202000000FFFFFF
F060B08A07000000
0000000D0BF06000
0602000000FFFFFF
7819F060B05B0700
00000000000D0B78
BF62B00850CBF060
B00E02000000FFFF
FF57BC78BF62B018
501BF06000200200
0000FFFFFFF060B0
8A07000000000000
0D0B507FF060B024
02000000FFFFFF57
B7F060C000001000
00000000F060B016
02000000FFFFFFF0
60009F0700000000
00000D0078BF62B0
10501B77714200B4
2C66C00042FFD5F0
60B01602000000FF
FFFFF060009F0700
00000000000D0078
BF62B010501B7771
420089F060B00002
000000FFFFFF6070
0457B7F060B01502
000000FFFFFF561B
F060B01F02000000
FFFFFF567B78D163
D07F66D00C313178
D7F060B016020000
00FFFFFFF060009F
070000000000000D
0078BF62B01050CB
777C787D60000A41
003C640080400036
63108060000A7501
40002BF060B00002
000000FFFFFF6070
0457B760000A6070
00400012F060B015
02000000FFFFFF56
0B62B00A567B62F0
200E67F04054F078
BF62B00854B162B0
0854B962B00854BC
60700062B00854B7
62B00854BA62B010
54B8F060B0CF3C00
00000000000D0B66
000042021FF060B0
0102000000FFFFFF
567B637080667000
4101D4F060B01E02
000000FFFFFF567B
500F660001310C63
707A66707A41000F
4001BA6370796670
794100034001AEF0
60B01A02000000FF
FFFFF060009F0700
00000000000D0078
BF62B038508B6680
00310F78BF62B028
50AB777A42019040
000778BF62B02854
B778BF62B01850CB
66C00041016DF060
B01102000000FFFF
FFF060009F070000
000000000D0078BF
62B008501B771741
014F49014C727177
C749014578AC68A9
78BF62B010509BF0
60B00C3D00000000
00000D0B66000042
013378BF62B01850
CB66C000410102F0
60B01A02000000FF
FFFFF060009F0700
00000000000D0078
BF62B02850AB777A
4200FC6070FF77C7
3A0360C0FF78BF62
B03054BC500F78BF
62B008501B62B008
509B78BF62B02850
ABF060B0B43D0000
000000000D0B7810
78D7F060B01A0200
0000FFFFFFF06000
9F07000000000000
0D0078BF62B02850
AB777A42004A7801
787D78BF62B03050
CB777C49005E78BF
62B02050DB70D754
BD66000042005077
7C42004878BF62B0
08501B701C54B162
B008509B787C6879
709754B962B00850
7B727C54B740FF2A
787D78BF62B03050
CB777C49001678BF
62B02050DB70D754
BD60000B63108075
0140000360000E78
BF62B02050DB66D0
00312A6400804000
2460000040001E60
0001400018600002
4000126000034000
0C60000440000660
000B40FFCA67F008
54F0F060B0FB3C00
00000000000D0B50
0F62F00878BF62B0
08501B62B008509B
62B00850CB62B008
50DB62F0400E67F0
1054FA78BF62B008
54B8F060B0CF3C00
00000000000D0B66
00004200A4F060B0
0102000000FFFFFF
567B637080667000
316FF060B01E0200
0000FFFFFF567B63
707C66707C3260F0
60B01A02000000FF
FFFFF060009F0700
00000000000D0078
BF62B008508B6680
00310950AF777A32
3C40000254F76000
FF60100060900060
C00050AFF060B0B4
3D0000000000000D
0B660000321A6670
00311560000E4000
0F60000140000960
000240000360000B
54F0F060B0FB3C00
00000000000D0B50
0F62F0100E50CE78
BE62B008501B62B0
08509B60800060A0
00600001F060B082
3F0000000000000D
0B62E00854E078BE
62B00854BD0E50CE
78BE62B008501B62
B008509B60800060
A000600002F060B0
823F000000000000
0D0B62E00854E078
BE62B00854BD0E60
800060A000F060B0
F641000000000000
0D0B67E00854E00E
50AE78BE62B00850
CB62B008501B62B0
08509B6080016000
01F060B0823F0000
000000000D0B62E0
1054E078BE62B008
54BD0E50AE78BE62
B00850CB62B00850
1B62B008509B6080
01600002F060B082
3F0000000000000D
0B62E01054E078BE
62B00854BD0E50AE
608001F060B0F641
0000000000000D0B
54E00E60800060A0
00600001F060B082
3F0000000000000D
0B0E6000005A19F0
60704D5036340000
000077174200DE78
B962B004581B6610
014200D162B0025A
DB60700E77D74A00
C4F0607000200000
0000000077D74900
B4F060B011020000
00FFFFFFF060009F
070000000000000D
0060000077D74200
9478B962B00A581B
66100142008762B0
0258CBF060700010
00000000000077D7
49000F66C0014200
6C60A00260700E40
000C66C00242005D
60A00360700F62B0
02581B771A42004D
62B00258CB66C00C
42004262B00258AB
77A7420038F06010
70D8000000000000
591A77D74A002662
B00256AB60708077
A74200191B56AB66
A030420010F060A0
6CD8000000000000
5BAD6000010EF060
B07CD80000000000
0054B978A9F06070
0018000000000000
70A7F060B084D800
000000000054BA78
B962B00A581B62B0
0258CB789AF060B0
B343000000000000
0D0B660000323CF0
60B07CD800000000
0000509B78B962B0
0E581B62B00258CB
F060B0B343000000
0000000D0B660000
3211F060B07CD800
0000000000509B60
00010E6000000E60
1000F060B070D800
0000000000587B77
17312A78716973F0
60B084D800000000
000050AB707A56B7
787163700760A001
7BA774BA66B00031
081140FFC5600001
0E6000000E600000
66C00041005DF060
B070D80000000000
00587B777149004B
F060B06CD8000000
0000005ADB77D14A
003972D177CD4900
32F060B084D80000
0000000050AB7871
6973707A56B77871
63700760D0017BD7
74BD66B00041000B
112C66C00042FFDE
6000010EF060B08C
D800000000000054
BD78BD62B022567B
60A0FF777A313266
707F49013F78A768
A578B768B470ABF0
60B07CD800000000
000050BB70AB567A
66700041011E62A0
20567A6670084201
13F060B08CD80000
0000000050DB78BD
62B020567B667000
4100F966700A4900
F36670084100B378
BD62B018581B62B0
0258CBF060A094D8
00000000000059AC
F060B08D45000000
0000000D0B660000
4100C1F060B08CD8
00000000000050DB
78BD62B02C581B62
B00258CBF060A098
D800000000000059
AC66C00032096610
0042009040001966
1000410087F060B0
8D45000000000000
0D0B660000410074
F060B08CD8000000
00000050DB78BD62
B01C5A1BF060B094
D800000000000058
7BF060B098D80000
0000000058AB707A
6879771749003D40
002978BD62B01858
1B62B002587B7517
62B0025A7B751762
B010587B751762B0
02587B7517661000
420011600001F060
B08CD80000000000
0050DB0E600000F0
60B08CD800000000
000050DB0E601000
F060B09AD8000000
00000059B1F060B0
9AD8000000000000
581B66107F490046
78D168D578A168A4
70DAF060B07CD800
000000000050AB70
DA567D6670003113
F060B0F445000000
0000000D0B660000
410017F060B09AD8
000000000000581B
1159B140FFA76000
010E6000000EF060
B01A02000000FFFF
FFF060009F070000
000000000D00F060
B074D80000000000
005BB778AF67A040
67A040779A4900CC
72A9F060B0001C00
000000000077BA49
00BAF060B07CD800
000000000054B960
100060C001F060B0
B343000000000000
0D0B660000420094
F060B07CD8000000
000000509BF060B0
CA43000000000000
0D0B660000410074
F060B07CD8000000
000000509BF060B0
BE44000000000000
0D0B660000410054
F060B04745000000
0000000D0B660000
410041F060B06547
0000000000000D0B
66000041002EF060
B01A02000000FFFF
FFF060009F070000
000000000D00F060
B074D80000000000
005AAB777A420004
6000010E6000000E
F060B02308000000
0000000D0B66C000
41027767F00854F9
67F00854FCF060B0
0102000000FFFFFF
561B631080410273
7892699167F00854
F9F060B0D6470000
000000000D0B6600
0041028F509F6000
0066007F49026878
D068D578A068A470
DA70D9567D667000
313978BF62B00850
CB62B008507B6010
00771C311378BD70
B156BB78A770A156
AA77BA32161130E9
661017391478BD70
B156BB66B0003203
1130ED509F1040FF
A878BD62B018561B
1B567B687875171B
56CB1B567B687875
C7F060A094D80000
0000000059AC78BD
62B02C587BF060A0
96D8000000000000
59A762B002587BF0
60A098D800000000
000059A778BD62B0
1C56DB1B567B6878
75D71B567B687868
7875D71B567B6878
6878687875D762F0
18F060A094D80000
0000000058CAF060
A098D80000000000
00587A70C7787F67
7040677040789269
9177794A01B17279
697977C74901A878
92699167F00854FD
67F00854F9F060A0
94D8000000000000
58CAF060B0B34300
00000000000D0B66
0000420193F060B0
98D8000000000000
58CB66C0003120F0
60B096D800000000
0000581BF060B0B3
430000000000000D
0B66000042016160
1000F060B064D800
000000000054B1F0
60B064D800000000
0000501B1154B1F0
60B03CD800000000
000054B1509F78BF
62B00850DB66D000
41008B60C00077CD
310E78B970BC567B
66700A31051C30EE
302266C000310F78
B970BC2B567B6670
0D32112C300E192D
54F978BF62B00854
BD40FF9B66C00031
327809700C787D72
7C66700031021027
54F078BF62B00854
B767E00854E967E0
0854ECF060B00457
0000000000000D0B
40FF647809700C78
7D727C6670003102
102754F078BF62B0
0854B740FF496010
00F060B064D80000
0000000054B162F0
100EF060A02CE500
0000000000F060B0
7406000000000000
0D0B0E62F010F060
A047E60000000000
00F060B074060000
000000000D0B0E62
F018F060A0AAE600
0000000000F060B0
7406000000000000
0D0B0E62F018F060
A058E60000000000
00F060B074060000
000000000D0B0EF0
60A070E600000000
0000F060B0740600
00000000000D0B0E
62F010F060A091E6
000000000000F060
B074060000000000
000D0B0E501E62E0
08F060B004010000
00FFFFFF5BB10E50
1E62E008F060B008
01000000FFFFFF57
B10EF060B0090100
0000FFFFFF601001
57B10EF060B0000B
000000FFFFFF561B
62B001560B680875
1062B001560B6808
6808751062B00156
0B6090187B097510
62B001560BF06090
2000000000000000
7B09751062B00156
0BF0609028000000
000000007B097510
62B001560BF06090
3000000000000000
7B09751062B00156
0BF0609038000000
000000007B097510
67E00854E10EF060
B0080B000000FFFF
FF561B62B001560B
6808751062B00156
0B68086808751062
B001560B6090187B
09751062B001560B
F060902000000000
0000007B09751062
B001560BF0609028
000000000000007B
09751062B001560B
F060903000000000
0000007B09751062
B001560BF0609038
000000000000007B
09751067E00854E1
0EF060B0100B0000
00FFFFFF561B67E0
0854E162B001561B
67E00854E162B001
561B67E00854E162
B001561B67E00854
E162B001561B67E0
0854E162B001561B
62B001560B680875
1067E00854E162B0
01561B67E00854E1
0EF060B0100B0000
00FFFFFF507E62E0
0850DE62E00850CE
62E008509E62E008
500E62E008501E62
E00857B162B00157
B062B00157B962B0
0157BC62B00157BD
62B001780757B062
B001690857B00E50
1E62E008F060B018
0B000000FFFFFF57
B10EF060B01A0B00
0000FFFFFF503E62
E008502E62E00850
1E62E00857B162B0
0157B262B00157B3
0EF060B0190B0000
00FFFFFF60100157
B10E0B0E0C0E501E
62E008502E62E008
6030037B13F060B0
65E7000000000000
70B154B20E78BE62
B018500B78BE62B0
10507B67E00854E0
67E00854E70E501E
78BE62B008507B78
9E629010500978DE
62D01850CD54E054
BC549154D70E501E
78BE62B008507B78
BE62B010500B78BE
62B018509B78BE62
B02050CB78BE62B0
2850DB54EC78BE62
B00854BD78BE62B0
1054B178BE62B018
54B778BE62B02054
B078BE62B02854B9
0E501E62E008500E
7701600000D00078
70697263700178B0
69B363B001767B60
0000667000320BF0
6000FFFFFFFFFFFF
FFFF54E00E501E62
E008500E77016000
00D0007870637001
667000321B787069
7263700178B069B3
63B001767B667000
320660000054E00E
F06000FFFFFFFFFF
FFFFFF54E00E501E
62E008500E770160
0000330BF06000FF
FFFFFFFFFFFFFF54
E00E501E62E00850
0E77016000003A0B
F06000FFFFFFFFFF
FFFFFF54E00E501E
62E0086070005417
0E501E5671115601
6808757054E70E50
1E62E008507E62E0
0857177807690811
57100E501E607000
5601757011560168
0875701156016808
6808757011560168
0868086808757054
E70E501E62E00850
7E62E008B16C7089
6D70897807690869
086C00896D0089B2
0E509E62E0085619
6610003104A41930
F50E501E66106134
0A66107B33056710
2054E10EF060B0FC
D600000000000050
0B781063103F6610
0031096070407271
700754B00E78E269
E178F2601000F060
B09CD80000000000
0054B1F060B06403
0000000000000D0B
02601050F060B0C8
170000000000000D
0B60101EF060B0C8
170000000000000D
0B601062F060B0C8
170000000000000D
0B6010E0F060B0C8
170000000000000D
0B601008F060B0C8
170000000000000D
0B601066F060B0C8
170000000000000D
0B601010F060B0C8
170000000000000D
0B601000F060B0C8
170000000000000D
0B601041F060B0C8
170000000000000D
0BF060B0FCD60000
00000000500B67E0
0854E0601000F060
B0C8170000000000
000D0B601000F060
B0C8170000000000
000D0B601040F060
B0C8170000000000
000D0BF060B0FCD6
000000000000500B
67E00854E0601000
F060B0C817000000
0000000D0B601000
F060B0C817000000
0000000D0BF060B0
14D8000000000000
500BF06090E5E800
0000000000F060B0
1CD8000000000000
507B77074101C578
B970B0561B661020
32011078C0770731
0E78B970B0561B66
102231031030EE78
D072DC7707310110
F060B014D8000000
00000054B0F060B0
FCD6000000000000
500B787060100077
1D311178B970BC70
B156BB7807700157
0B1130EB7807700D
60B000570B780770
0D10F060B0FCD600
000000000054B050
9E62E008F060B0FC
D600000000000050
0B78107219671002
78B169B8579B1957
916010F0F060B0C8
170000000000000D
0B601060F060B0C8
170000000000000D
0B6010A0F060B0C8
170000000000000D
0B78176310FFF060
B0C8170000000000
000D0B7817691863
10FFF060B0C81700
00000000000D0B78
17691869186310FF
F060B0C817000000
0000000D0B781769
18691869186310FF
F060B0C817000000
0000000D0B781769
1869186918691863
10FFF060B0C81700
00000000000D0B78
1769186918691869
1869186310FFF060
B0C8170000000000
000D0B7817691869
1869186918691869
186310FFF060B0C8
170000000000000D
0B78176918691869
1869186918691869
186310FFF060B0C8
170000000000000D
0BF0601074060000
00000000F060B0B1
160000000000000D
0BF060103D500000
00000000F060B0B1
160000000000000D
0B400022509E62E0
08F060B0FCD60000
00000000500B7810
721967100278B169
B8579B195791509E
62E008F060B0FCD6
000000000000500B
7810721967100278
7169785797195791
0EF060B0ECD60000
0000000050BB66B0
00321BF060A047E5
000000000000F060
B074060000000000
000D0B40AFDC6010
62F060B0C8170000
000000000D0B6010
F0F060B0C8170000
000000000D0B6010
10F060B0C8170000
000000000D0B6010
40F060B0C8170000
000000000D0BF060
B0FCD60000000000
0050DB601000F060
B0C8170000000000
000D0B601000F060
B0C8170000000000
000D0BF060B0DCD9
000000000000501B
F06070E4D9000000
0000005097780172
0966000834034000
056610803425F060
A00FE70000000000
00F060B074060000
000000000D0BF060
B03D500000000000
000D0B78916893F0
6070ECD900000000
00007079547D1154
B10E501E691154E1
0E501E56711154E1
67E00854E70E50CE
62E008507E62E008
509E62E00866C000
3117780C77793111
3A0C78B970BC777B
3304F901790EF900
790E501E62E00850
7E62E008500E7207
7217770160000033
0BF06000FFFFFFFF
FFFFFFFF54E00E50
9E78D956C919F060
B0BE080000000000
000D0B669000312B
7801F060B0E40900
00000000000D0B54
E9787063708067E0
0866700032076010
002154E10E601001
54E10E54ED601000
67E00854E10EF060
10E5E80000000000
0067E00854E1F060
B01CD80000000000
00501B67E00854E1
0EF0601014D80000
0000000067E00854
E10E67F00854F967
F00854FCF060B09C
D800000000000050
1B2178016803F060
B014D80000000000
0050CBF060B0A4D8
00000000000070B0
54BCF060B01CD800
000000000050CBF0
60B024D900000000
000070B054BC78D1
68D8F06070E5E900
0000000000707DF0
6090E5E800000000
0000601000F060A0
0001000000000000
771A310956095770
19171130F350CF62
F008509F62F0080E
F060B09CD8000000
000000501B661000
41008F2178D168D8
F06090E5E9000000
000000709DF06070
E5E8000000000000
601000F060A00001
000000000000771A
3109560957701917
1130F3F060B09CD8
000000000000501B
2178016803F060B0
24D9000000000000
70B050CBF060B01C
D800000000000054
BCF060B0A4D80000
0000000070B050CB
F060B014D8000000
00000054BCF060B0
9CD8000000000000
54B10E50CE62E008
66C00045003DF060
B09CD80000000000
00501B77C149002B
67F00854FCF060B0
9CD8000000000000
501B50CF771C3110
F060B01856000000
0000000D0B40FFDD
62F0080EF060B09C
D800000000000050
1B661000320DF060
B0095B0000000000
000D0BF060B09CD8
000000000000501B
6610003116F060B0
34D8000000000000
501B661000310462
E0100EF060B09CD8
000000000000501B
66100F4903621154
B150CE62E008509E
62E0086010FF77C1
4902F7F060B08255
0000000000000D0B
F06070E5E8000000
000000601000771C
310F780970015600
78B770B157B01130
EDF060B01CD80000
0000000054BC6010
00F060B014D80000
0000000054B1F060
B0D4D90000000000
00501B6610004201
99F060B023080000
000000000D0B66C0
0041027856096600
5C410270F060B0BE
080000000000000D
0B669000315EF060
B0ECD60000000000
0050BB66B0003127
78016300803210F0
60B0041800000000
00000D0B40FF9760
0000F060B014DE00
000000000054B0F0
60B0E40900000000
00000D0B0D09F060
B034D80000000000
00501B6610004202
0340FF62F060B024
D800000000000050
9BF060B02CD80000
0000000050CBF060
B0F6090000000000
000D0B660000312A
F060B0ECD6000000
00000050BB66B000
3110F060B0571B00
00000000000D0B40
FF1467E00854E140
FF0C601001F060B0
34D8000000000000
54B1F060B0415B00
00000000000D0BF0
60B064D800000000
000050BB66B00031
4767F00854FBF060
A03CE50000000000
00F060B074060000
000000000D0B501F
62F008F060B0F40A
0000000000000D0B
F060A044E5000000
000000F060B07406
0000000000000D0B
F060B024D8000000
000000509BF060B0
2CD8000000000000
50CBF060B0A40600
00000000000D0BF0
60A0EBE400000000
0000F060B0740600
00000000000D0B40
00F2F060B0230800
00000000000D0B66
C0004100DF66C004
3232F060B0F36500
0000000000F060D0
C465000000000000
0D0D6600013215F0
60B0CCD900000000
0000501B62100154
B140FFB666C00632
57F060B0F7650000
00000000F060D0C4
650000000000000D
0D660001323AF060
B0D4D90000000000
00501B6610013282
F060B0CCD9000000
000000501B661001
42FF6F60100054B1
F060B0D4D9000000
00000054B140FDC1
66C00642FF54F060
B0FD650000000000
00F060D0C4650000
000000000D0D6600
0142FF36F060B0CC
D900000000000050
1B67100154B16610
0042FF1EF060B0D4
D900000000000054
B140FD75F060B018
560000000000000D
0B0E601002F060B0
34D8000000000000
54B1601000F060B0
44D8000000000000
54B1F060B04CD800
000000000054B1F0
60B09CD800000000
0000501B2154B1F0
60A0B1E500000000
0000F060B0740600
00000000000D0B0E
62E010601003F060
B034D80000000000
0054B1601000F060
B044D80000000000
0054B1F060B04CD8
00000000000054B1
F060A092E5000000
000000F060B07406
0000000000000D0B
0E601000F060B034
D800000000000054
B1F060B044D80000
0000000054B1F060
B04CD80000000000
0054B1F060B054D8
00000000000054B1
0EF060B024D80000
00000000509BF060
B0E5E80000000000
007819721BF060B0
44D8000000000000
54B1F060B02CD800
000000000050CBF0
60B04CD800000000
000054BCF06070E5
F900000000000060
1000771C310F78B9
70B1560B78B770B1
57B01130ED0EF060
B004570000000000
000D0BF060B034D8
000000000000501B
67E00854E10EF060
B0095B0000000000
000D0BF060B05CD8
000000000000501B
661000325FF060B0
ECD6000000000000
501B661000324DF0
60B0A4D900000000
0000501B66100032
3BF060B0CCD90000
00000000501B6610
003229F060B0D4D9
000000000000501B
6610003217F060B0
C4D9000000000000
501B661000320560
10003010601004F0
60B034D800000000
000054B167E00854
E10E601000F060B0
ECD6000000000000
54B1F060B05CD800
000000000054B1F0
60B064D800000000
000054B1F060B0A4
D900000000000054
B1F060B0ACD90000
0000000054B1F060
B0CCD90000000000
0054B1F060B0D4D9
00000000000054B1
F060B0B4D9000000
00000054B1F060B0
BCD9000000000000
54B1F060B0C4D900
000000000054B1F0
60B0DCD900000000
000054B1F060B0E4
D900000000000054
B1F060B014DE0000
0000000054B1F060
B01CDE0000000000
0054B1F060B024DE
00000000000054B1
0EF0601034D80000
0000000067E00854
E10EF060103CD800
000000000067E008
54E10EF0601044D8
00000000000067E0
0854E10EF060109C
D800000000000067
E00854E10EF06010
54D8000000000000
67E00854E10EF060
10E5F90000000000
0067E00854E1F060
B04CD80000000000
00501B67E00854E1
0E50CE62E008507E
62E00850DE62E008
509E77DC3904780D
3002780CF9039732
0877DC3113340430
0939076010002154
E10E60100154E10E
60100054E10EF060
B023080000000000
000D0B66C0003108
561967E00854E10E
60100067E00854E1
0EF060B023080000
000000000D0B66C0
00310F5619F060B0
5517000000000000
0D0B0EF060B0B4D9
00000000000050BB
66B000310FF060B0
BCD9000000000000
509B301AF060B004
D700000000000050
9BF060B0E4090000
000000000D0B7819
F060B0B116000000
0000000D0B0EF060
B0ECD60000000000
0050BB66B000321B
F060A047E5000000
000000F060B07406
0000000000000D0B
40A50FF060B0FCD6
000000000000500B
6070405707107890
6070005707105707
10F060B0FCD60000
0000000054B067E0
0854E067E00854E9
F060107100ADDE00
00000067E00854E1
F060B0C4D9000000
000000500B620001
54B00EF060B0ECD6
00000000000050BB
66B000321BF060A0
47E5000000000000
F060B07406000000
0000000D0B40A48A
501E62E008F060B0
7100ADDE00000000
771B311BF060A025
E6000000000000F0
60B0740600000000
00000D0B40A45B50
9E62E00850DE62E0
08F060B0DB170000
000000000D0BF060
B0FCD60000000000
00500B7810721967
1002F060B01F2200
00000000000D0B78
7169785797195791
781DF060B0551700
00000000000D0BF0
60B0C4D900000000
0000500B67000154
B00E50AE62E008F0
60B0230800000000
00000D0B66C00041
C12BF060B0FCD600
0000000000500B78
D0F060B004D70000
00000000501B5401
620008570C106010
00771C310C787970
7156775707101130
F07810621013B060
70F06C7089607060
6C70896070106C70
896C10896D108978
71697869786C7089
6D7089697869786C
70896D7089697869
786C70896D708960
70506C7089607011
6C70896070676C70
896070E06C708960
70086C7089607054
6C70896070E16C70
8960700E6C7089B2
540A620008F060B0
FCD6000000000000
54B0F060B004D700
000000000054BD78
1DF060B090090000
000000000D0B0EF0
60B0230800000000
00000D0B66C00041
C043F060B0BE0800
00000000000D0B66
900041A3EAF060B0
E409000000000000
0D0B78B962B00356
AB1B560B680875A0
1B560B6808680875
A01B560B68086808
680875A01B560B68
0868086808680875
A01B560B68086808
68086808680875A0
1B560B6808680868
0868086808680875
A01B560B68086808
6808680868086808
680875A0F060B0EC
D600000000000050
0B6600003208501E
62E00854A10E6010
50F060B0C8170000
000000000D0B6010
1EF060B0C8170000
000000000D0B6010
62F060B0C8170000
000000000D0B6010
E0F060B0C8170000
000000000D0B6010
08F060B0C8170000
000000000D0B6010
F0F060B0C8170000
000000000D0B6010
60F060B0C8170000
000000000D0B6010
B0F060B0C8170000
000000000D0B781A
6310FFF060B0C817
0000000000000D0B
781A69186310FFF0
60B0C81700000000
00000D0B781A6918
69186310FFF060B0
C817000000000000
0D0B781A69186918
69186310FFF060B0
C817000000000000
0D0B781A69186918
691869186310FFF0
60B0C81700000000
00000D0B781A6918
6918691869186918
6310FFF060B0C817
0000000000000D0B
781A691869186918
6918691869186310
FFF060B0C8170000
000000000D0B781A
6918691869186918
6918691869186310
FFF060B0C8170000
000000000D0B6010
54F060B0C8170000
000000000D0B6010
B1F060B0C8170000
000000000D0B0EF0
60B0230800000000
00000D0B66C00041
BE2BF060B0BE0800
00000000000D0B66
900041A1D278A1F0
60B0E40900000000
00000D0B780A6300
8032287819F060B0
5517000000000000
0D0BF06010236300
0000000000F060B0
B116000000000000
0D0B0E7819F060B0
B116000000000000
0D0B0E501E62E008
F060B0B116000000
0000000D0B0EF060
B023080000000000
000D0B66C000311C
F060B0BE08000000
0000000D0B669000
310A6010002167E0
0854E10E60100067
E00854E10EF060B0
2308000000000000
0D0B66C000311BF0
60B0BE0800000000
00000D0B66900031
0960100067E00854
E10E6010002167E0
0854E10E501E62E0
0866100042012CF0
60B0CCD900000000
000060100154B1F0
60B0D4D900000000
000054B1F060B023
080000000000000D
0B66C0004100C966
C0043232F060B0F3
65000000000000F0
60D0C46500000000
00000D0D66000132
15F060B0CCD90000
00000000501B6210
0154B140FFB666C0
063243F060B0F765
000000000000F060
D0C4650000000000
000D0D6600013226
F060B0CCD9000000
000000501B661001
42FF8160100054B1
F060B0D4D9000000
00000054B10E66C0
0642FF68F060B0FD
65000000000000F0
60D0C46500000000
00000D0D66000142
FF4AF060B0CCD900
0000000000501B67
100154B166100042
FF32F060B0D4D900
000000000054B10E
F060B09CD8000000
000000501B661000
3220F060B0BD0700
00000000000D0B60
1000F060B014D800
000000000054B140
FEF20E0EF060B0CC
D900000000000060
100154B1601002F0
60B0D4D900000000
000054B1F060B023
080000000000000D
0B66C00041008166
C0043232F060B0F3
65000000000000F0
60D0C46500000000
00000D0D66000132
15F060B0CCD90000
00000000501B6210
0154B140FFB666C0
0642FFB0F060B0FD
65000000000000F0
60D0C46500000000
00000D0D66000142
FF92F060B0CCD900
0000000000501B67
100154B166100042
FF7AF060B0D4D900
000000000054B10E
F060B09CD8000000
000000501B661000
3220F060B0BD0700
00000000000D0B60
1000F060B014D800
000000000054B140
FF3A0E0E60100077
1C31207809700156
0066006134086600
7B3303670020787B
7071567777073207
1130DC6000010E60
00000E5B49465D5B
454C53455D5B5448
454E5D601050F060
B0C8170000000000
000D0B60101EF060
B0C8170000000000
000D0B601062F060
B0C8170000000000
000D0B6010E0F060
B0C8170000000000
000D0B601008F060
B0C8170000000000
000D0B601050F060
B0C8170000000000
000D0B60100EF060
B0C8170000000000
000D0B601062F060
B0C8170000000000
000D0B6010E0F060
B0C8170000000000
000D0B601008F060
B0C8170000000000
000D0B601067F060
B0C8170000000000
000D0B6010F0F060
B0C8170000000000
000D0B601008F060
B0C8170000000000
000D0B601054F060
B0C8170000000000
000D0B6010F0F060
B0C8170000000000
000D0B601067F060
B0C8170000000000
000D0B6010F0F060
B0C8170000000000
000D0B601008F060
B0C8170000000000
000D0B601054F060
B0C8170000000000
000D0B6010F1F060
B0C8170000000000
000D0B0E601050F0
60B0C81700000000
00000D0B60101FF0
60B0C81700000000
00000D0B601062F0
60B0C81700000000
00000D0B6010F0F0
60B0C81700000000
00000D0B601008F0
60B0C81700000000
00000D0B601050F0
60B0C81700000000
00000D0B60100FF0
60B0C81700000000
00000D0B601062F0
60B0C81700000000
00000D0B6010F0F0
60B0C81700000000
00000D0B601008F0
60B0C81700000000
00000D0B601067F0
60B0C81700000000
00000D0B6010E0F0
60B0C81700000000
00000D0B601008F0
60B0C81700000000
00000D0B601054F0
60B0C81700000000
00000D0B6010E0F0
60B0C81700000000
00000D0B601067F0
60B0C81700000000
00000D0B6010E0F0
60B0C81700000000
00000D0B601008F0
60B0C81700000000
00000D0B601054F0
60B0C81700000000
00000D0B6010E1F0
60B0C81700000000
00000D0B0E601050
F060B0C817000000
0000000D0B60100F
F060B0C817000000
0000000D0B601078
F060B0C817000000
0000000D0B60101F
F060B0C817000000
0000000D0B601062
F060B0C817000000
0000000D0B601010
F060B0C817000000
0000000D0B601008
F060B0C817000000
0000000D0B601050
F060B0C817000000
0000000D0B601011
F060B0C817000000
0000000D0B601067
F060B0C817000000
0000000D0B6010E0
F060B0C817000000
0000000D0B601008
F060B0C817000000
0000000D0B601054
F060B0C817000000
0000000D0B6010E1
F060B0C817000000
0000000D0B601067
F060B0C817000000
0000000D0B6010E0
F060B0C817000000
0000000D0B601008
F060B0C817000000
0000000D0B601054
F060B0C817000000
0000000D0B6010E0
F060B0C817000000
0000000D0B0EF060
10EC690000000000
00F060B0B1160000
000000000D0BF060
B0DB170000000000
000D0B0EC0350000
000000000728444F
45533E2950AF78DA
62D002F060B004D7
000000000000509B
F060B0E409000000
0000000D0B780962
0010B06070F06C70
896070606C708960
70B06C70896CD089
6DD089787D697869
786C70896D708969
7869786C70896D70
89697869786C7089
6D708960700D6C70
8960700B6C708960
700E6C7089B27819
621013F060B01217
0000000000000D0B
0E50CE78BE62B008
509B78BE62B01050
1BF060B0F4D60000
0000000050AB66C0
0041004256096700
3066000A34276200
3067004166001A33
0562000A300F6200
4167006166001A43
001C62000A770A41
0014490011770A41
000C490009C01A70
10192C40FFB854EC
78BE62B00854B978
BE62B01054B178BE
62B01860000054B0
0EF060B064030000
000000000D0B0250
0FF060107E7D0000
0000000077014100
F5F06010847D0000
0000000077014100
E5D00867F00854F0
D00167F00854F0D0
2567F00854F06010
03D901F060800000
000000FFFFFFF060
40E2050000000000
00F060503F060000
00000000F06060B8
06000000000000F0
60A0BDE600000000
0000F060B0740600
00000000000D0B50
1F62F008F060B0F7
060000000000000D
0BF060A0E7E60000
00000000F060B074
060000000000000D
0B501F62F008A6F0
60A0EDE600000000
0000F060B0740600
00000000000D0B50
1F62F008A6F060A0
F1E6000000000000
F060B07406000000
0000000D0BD15AA6
F060B01C07000000
0000000D0B62F010
F060B0A203000000
0000000D0B026000
0604661000310104
62F008501F6310FF
54F167F00804D008
67F00854F0D00167
F00854F0D02567F0
0854F0601003D901
F060800000000000
FFFFFFF06040E205
000000000000F060
503F060000000000
00F06060B8060000
00000000F060A0CF
E6000000000000F0
60B0740600000000
00000D0B501F62F0
08F060B0F7060000
000000000D0BF060
A0E7E60000000000
00F060B074060000
000000000D0B501F
62F008A6F060A0ED
E6000000000000F0
60B0740600000000
00000D0B501F62F0
08A6F060B01C0700
00000000000D0B62
F010F060B0A20300
00000000000D0B02
0E0ED00A67E00854
E00E500E62E008D8
0B0E500E62E008D8
0C0ED00B67E00854
E00ED00C67E00854
E00E500E62E008D8
6D0ED06D67E00854
E00E500E62E008D8
6E0E500E62E008D8
6F0ED06E67E00854
E00ED06F67E00854
E00ED00167E00854
E00ED00267E00854
E00ED00867E00854
E00ED0026804D101
7501D8080E509E62
E008F06070000A00
0000FFFFFF60C000
78B770BC57B96000
087C9062C00166C0
0834ED0E509E62E0
08F06070080A0000
00FFFFFF60C00078
B770BC57B9600008
7C9062C00166C004
34ED0E509E62E008
F06070100A000000
FFFFFF60C00078B7
70BC57B96000087C
9062C00166C00434
ED0E509E62E008F0
6070180A000000FF
FFFF60C00078B770
BC57B96000087C90
62C00166C00434ED
0E500E62E008F060
70200A000000FFFF
FF57700EF0607020
0A000000FFFFFF56
0767E00854E00EF0
6070280A000000FF
FFFF560764000157
700EF06070280A00
0000FFFFFF600000
57700EF06070300A
000000FFFFFF6000
0060C00078B770BC
569B781C60D0037B
1D7B91750962C001
66C00434E767E008
54E00EF06070300A
000000FFFFFF6000
0157706000006270
0157706270015770
62700157700E509E
62E008501E62E008
F06070380A000000
FFFFFF5779F06070
400A000000FFFFFF
60C00078B770BC57
B16000087C1062C0
0166C00434ED0EF0
6070480A000000FF
FFFF560767E00854
E00E50DE62E00850
9E62E008501E62E0
0867E00854E9F060
90000000FF000000
0067E00854E9F060
B0656D0000000000
000D0B67E00854E1
F060B08C6D000000
0000000D0BF060B0
B36D000000000000
0D0B789166D00334
076000027B90300C
66D0013407600001
7B90300067E00854
E9F060B0DA6D0000
000000000D0B67E0
0854EDF060B0016E
0000000000000D0B
0EF060B044DE0000
00000000507B60C0
0362700166700432
03607001F060B054
DE00000000000078
17681370B1501B66
1000320967C00166
C00039D50EF060B0
44DE000000000000
54B767F00854FEF0
60B0B4DE00000000
000054BFF060B074
DE00000000000078
17681370B150EBF0
60B094DE00000000
00007817681370B1
50FBF060B02A7000
0000000000F2784B
F060B054DE000000
0000007817681370
B1501BF060B04CDE
00000000000054B7
7831F060B044DE00
0000000000507BF0
60B054DE00000000
00007817681370B1
501B661000312854
B3F060B074DE0000
0000000078176813
70B154BEF060B094
DE00000000000078
17681370B154BFF0
60B0B4DE00000000
000050FB50EF62F0
08F060B04CDE0000
0000000060100054
B1503F62F008A330
89F4A40EF060B054
DE00000000000078
07680370B054B1F0
60B01A7100000000
0000780767000168
0370B050CBF060B0
74DE000000000000
7807680370B054BC
F060B03271000000
0000007807670001
680370B050CB67C0
08F060008C710000
0000000054C0F060
B094DE0000000000
007807680370B054
BC0EBCDF00000000
0000BCE100000000
0000BCE300000000
0000BCE000000000
0000BCE200000000
0000BCE400000000
0000501E62E00860
7001F060B0A47000
00000000000D0B0E
501E62E008607002
F060B0A470000000
0000000D0B0E501E
62E008607003F060
B0A4700000000000
000D0B0EF060B044
DE00000000000050
7BF060B054DE0000
0000000078176813
70B160100054B1F4
A430D9507E62E008
F060B054DE000000
0000007817681370
B160100054B10E50
7E62E008F060B054
DE00000000000078
17681370B1501B66
1000310360100167
E00854E10E601000
D020660000320DF0
60B04CDE00000000
0000501B67E00854
E10E60700060C001
F060B054DE000000
000000781C681370
B1501B6610003103
62700162C00166C0
0432DD67E00854E7
0EF060B010000000
00FFFFFF560B1B56
1B6818750167E008
54E00EF060B01200
000000FFFFFF560B
1B561B6818750167
E00854E00EF060B0
1000000000FFFFFF
560B1B561B681875
0167E00854E0F060
B01200000000FFFF
FF560B1B561B6818
750167E00854E00E
F060B01400000000
FFFFFF560B630001
660000310E601001
57B16000FF67E008
54E00E60000067E0
0854E00EF060B014
00000000FFFFFF56
0B63000266000031
0E60100257B16000
FF67E00854E00E60
000067E00854E00E
500E62E008501E62
E008F060B0160000
0000FFFFFF78D157
BD1B69D857BDF060
B01800000000FFFF
FF78D057BD1B69D8
57BDF060B0150000
0000FFFFFF56DB64
D00257BD0E78F278
E2F060B000800000
0000000072EBF060
800000000000FFFF
FFF06040E2050000
00000000F060503F
06000000000000F0
6060B80600000000
0000F060B0052B01
0000000000F2783B
F060B09A16000000
000000F2780BF060
B0A9160000000000
00F2781BF0600065
E7000000000000D8
04D0206010037B01
F060B00A75000000
00000070B0601000
54B10B00D0206010
037B01F060B00A75
00000000000070B0
500B66000041FFE3
78F278E2F060B000
8000000000000072
EBD1206070037B17
F060B00A75000000
00000070B167F008
54FB0D0050BF62F0
0860100054B140FF
AA67F00854F067F0
0854F167F00854F7
67F00854F967F008
54FB67F00854FCF0
60B00905000000FF
FFFF567B60900078
0760100174016600
0042000E69716290
0166900442FFE840
0079F060B0000500
0000FFFFFF600000
60C000781B701C56
11787C6090037B79
7B17750162C00166
C00842FFE6D12060
70037B17F060B00A
7500000000000070
B154B0F060B00905
000000FFFFFF567B
6090007807601001
740166000042000E
6971629001669004
42FFE840000DF060
B00A05000000FFFF
FF57B950CF62F008
50BF62F008509F62
F008507F62F00850
1F62F008500F62F0
0804000000000000
0000000000000000
0000000000000000
0000000000000000
0000000000000000
0000000000000000
0000000000000000
0000000000000000
0000000000000000
0000000000000000
0000000000000000
0000000000000000
0000000000000000
0000000000000000
0000000000000000
0000000000000000
0000D02067E00854
E00ED02167E00854
E00E501E62E00850
0E62E008F060B000
05000000FFFFFF60
C00078706090FF74
79789B709C579769
0862C00166C00842
FFE8F060B0080500
0000FFFFFF57B10E
F060B00905000000
FFFFFF560B67E008
54E00E500E62E008
F060B00A05000000
FFFFFF57B00E500E
62E008F060B00005
000000FFFFFF60C0
0078706090FF7479
789B709C57976908
62C00166C00842FF
E80EF060B0000500
0000FFFFFF600000
60C000781B701C56
11787C6090037B79
7B17750162C00166
C00842FFE667E008
54E00E500E601002
7B01F060B0000600
0000FFFFFF70B056
0B54E00E500E62E0
086010027B01F060
B00006000000FFFF
FF70B062B0016000
0157B00E500E6010
037B01F060B00A75
00000000000070B0
62E008500E54B067
E008F060B09A7500
00000000000D0B0E
D06867E00854E00E
D06967E00854E00E
D06A67E00854E00E
D06B67E00854E00E
600003D86C0EF060
B06003000000FFFF
FF500B67E00854E0
0ED720F060B01003
000000FFFFFF500B
777043002C78A768
A4F060B00CD70000
0000000050BB70AB
60C000667000320D
F060B04CDE000000
00000050CB600000
0E6000020EF060B0
F976000000000000
0D0B660000321450
BA77B7320B78BA62
B00850BB77BC3103
6000020EF060B0FF
FFFFFFFFFFFFFF54
AB78BA62B0086010
0054B10E67E00854
E00E67E00854ED67
E00854E00E50DE62
E00866D000410040
66D00141003A66D0
0241003466D00441
001266D00541000C
66D0064100066000
034000A1F060B060
03000000FFFFFF50
0B63000166000042
0006600001400085
D00967F00854F00C
F060B0F976000000
0000000D0B660000
42006350BAF06010
FFFFFFFFFFFFFFFF
77B142004E66D000
41001E66D0014100
1E66D00241001E66
D00441001E66D005
41001EFB04064000
1BFB0400400015FB
040140000FFB0402
400009FB04044000
03FB040578BA62B0
0854BC54A7600000
400003600002501F
62F008D909F060B0
7C77000000000000
0D0B0ED00967F008
54F00CF060B03D77
0000000000000D0B
6600003205FB0060
0000501F62F008D9
09F060B07C770000
000000000D0B0E50
DE62E008D00967F0
0854F00CF060B03D
770000000000000D
0B6600003206FB05
DD600000501F62F0
08D909F060B07C77
0000000000000D0B
0E50DE62E008D009
67F00854F00CF060
B03D770000000000
000D0B6600003206
FB02DD600000501F
62F008D909F060B0
7C77000000000000
0D0B0E50DE62E008
D00967F00854F00C
F060B03D77000000
0000000D0B660000
3206FB01DD600000
501F62F008D909F0
60B07C7700000000
00000D0B0E60D000
D00967F00854F00C
F060B03D77000000
0000000D0B660000
3207D08078D06000
00501F62F008D909
F060B08277000000
0000000D0B0E60D0
00F060B060030000
00FFFFFF500B6300
01660000410042D0
0967F00854F00CF0
60B03D7700000000
00000D0B66000032
13FB06D0F060B064
770000000000000D
0B600000501F62F0
08D909F060B08277
0000000000000D0B
0ED00967F00854F0
0CF060B03D770000
000000000D0B6600
003221D081660000
310A660001310566
00023210FB03B0F0
60B0647700000000
00000D0B60000150
1F62F008D909F060
B082770000000000
000D0B0E60D000D0
0967F00854F00CF0
60B03D7700000000
00000D0B66000032
10FB03D0F060B064
770000000000000D
0B501F62F008D909
67E00854ED0E509E
62E008F060700007
000000FFFFFF60C0
0078D970DC560D78
B770BC57B062C001
66C02034EC0E509E
62E008F060702007
000000FFFFFF60C0
0078D970DC560D78
B770BC57B062C001
66C00C34EC0E500E
62E008F060B03007
000000FFFFFF5BB0
0E500E62E008F060
B03407000000FFFF
FF5BB00E500E62E0
08F060B038070000
00FFFFFF57B00EF0
60B03907000000FF
FFFF560B67E00854
E00E500E62E008F0
60B03A07000000FF
FFFF57B00E509E62
E008F06070400700
0000FFFFFF60C000
78D970DC560D78B7
70BC57B062C00166
C01034EC0E509E62
E008F06070500700
0000FFFFFF60C000
78B770BC560B78D9
70DC57D062C00166
C01034EC0E509E62
E008F06070600700
0000FFFFFF60C000
78B770BC560B78D9
70DC57D062C00166
C01034EC0E509E62
E008F06070600700
0000FFFFFF60C000
78D970DC560D78B7
70BC57B062C00166
C01034EC0ED720F0
60B01003000000FF
FFFF500B77704300
1960C00066700032
0DF060B04CDE0000
0000000050CB6000
000E6000020ED009
67F00854F00CF060
B0BD7B0000000000
000D0B6600003250
F060B02006000000
FFFFFF560B660000
323BF060B014D700
0000000000501BF0
6000FFFFFFFFFFFF
FFFF7710321FF060
B01CD70000000000
0054BCF060B014D7
00000000000054B7
6000003003600002
501F62F008D9090E
F060B0BD7B000000
0000000D0B660000
3225F060B014D700
0000000000501B77
173211F060B01CD7
000000000000501B
771C31036000020E
D00967F00854F00C
F060B014D7000000
000000F06010FFFF
FFFFFFFFFFFF54B1
601000F060B01CD7
00000000000054B1
F060B02106000000
FFFFFF57B1501F62
F008D9090EF060B0
44D7000000000000
60C01960100054B1
62B0082C66C00032
F50E601000F060B0
24D7000000000000
54B1F060B02CD700
000000000054B1F0
60B034D700000000
000054B1F060B03C
D700000000000054
B10EF060B0DD7C00
00000000000D0BF0
60B0FA7C00000000
00000D0BF060B098
7C0000000000000D
0B0EF060B0489800
00000000000D0B66
000232046000030E
6600033203600004
0E60000056170E60
000057710EF06070
8307000000FFFFFF
F060B0797D000000
0000000D0B660000
320E780166000232
046000020E600006
0E60A040F0607081
07000000FFFFFFF0
60B0797D00000000
00000D0B66000032
387801770D312F77
0C320A2A66A00032
DE6000050E660003
310E660007310966
000B31046000060E
F060B0857D000000
0000000D0B0E6000
000EF06070800700
0000FFFFFF601007
F060B07F7D000000
0000000D0B660000
325560A08017F060
B0797D0000000000
000D0B660000323F
7801660000313566
0005311866000931
1366000331186600
07311366000B310E
6000060E2A66A000
32C46000050EF060
B0857D0000000000
000D0B0E6000000E
67F00854FDF060B0
0A7E000000000000
0D0B6600003218F0
60B0327D00000000
00000D0B500F6010
0054F162F0080EF0
60B0DD7C00000000
00000D0B60100054
F162F0080E50DE62
E008F060B0600300
0000FFFFFF500B63
00026600004100F1
66D0004500F066D0
044300EAF060B0EE
7B0000000000000D
0B6600004200DAF0
60B024D700000000
000060100154B1F0
60708107000000FF
FFFFF060B0797D00
00000000000D0B66
0000420093661000
42007B17781DF060
B07F7D0000000000
000D0B6600004200
77677002601001F0
60B07F7D00000000
00000D0B66000042
005E17F060B0797D
0000000000000D0B
66000042004A6610
04420032F060B02C
D700000000000054
BDF060B034D70000
0000000060100154
B1F060B03CD70000
0000000060100054
B1600000302B60D0
06F060B0807E0000
000000000D0B3019
78D0F060B0807E00
00000000000D0B30
0860000130036000
03F060B07C770000
000000000D0B0E50
AE62E008509E62E0
08F060B060030000
00FFFFFF500B6300
026600004100BBF0
60B0607C00000000
00000D0B66000042
00ABF060B024D700
0000000000500B66
00013277F060B034
D700000000000050
0B660001326566A0
0045006466A00031
55F060B05A7D0000
000000000D0B6600
003252F060708807
000000FFFFFF60C0
0078D970DC561DF0
60B07F7D00000000
00000D0B66000032
301C77CA34E360D0
0460C005F060B0B1
7D0000000000000D
0B66000032136000
00302260D002300B
60D003300678D030
0278D0F060B0807E
0000000000000D0B
3003600001F060B0
7C77000000000000
0D0B0E509E62E008
F060B06003000000
FFFFFF500B630002
660000410180F060
B0607C0000000000
000D0B6600004201
70F060B024D70000
00000000500B6600
01420131F060B034
D700000000000050
0B66000142011EF0
60B02CD700000000
0000500B66000243
010B60A020660001
320360A040F060B0
5A7D000000000000
0D0B6600004200F2
F060708007000000
FFFFFF601003F060
B07F7D0000000000
000D0B6600004200
D560D00660C005F0
60B0B17D00000000
00000D0B66000042
00BCF06070900700
0000FFFFFFF060B0
44D7000000000000
F060102CD7000000
000000500160A020
660001320360A040
60C000F060B0797D
0000000000000D0B
6600003279F060B0
44D7000000000000
70BC57B1171C77CA
34D9F060B00A7E00
00000000000D0B66
00003263F060B044
D7000000000000F0
60102CD700000000
0000500160A02066
0001320360A04060
C00078DB70DC560D
78D970DC57D01C77
CA34EFF060B0327D
0000000000000D0B
600000302C60D002
300678D0300278D0
F060B0807E000000
0000000D0B3012F0
60B0DD7C00000000
00000D0B30036000
01F060B07C770000
000000000D0B0EF0
60B06003000000FF
FFFF500B63000266
00004100C0F060B0
607C000000000000
0D0B6600004200B0
F060B024D7000000
000000500B660001
420084F060B034D7
000000000000500B
660001420071F060
B02CD70000000000
00500B660002345F
F060708007000000
FFFFFF601003F060
B07F7D0000000000
000D0B6600004200
4360D00660C005F0
60B0B17D00000000
00000D0B66000042
002AF060B034D700
0000000000601002
54B1F060B03CD700
0000000000601000
54B1600000301960
D002300278D0F060
B0807E0000000000
000D0B3003600001
F060B07C77000000
0000000D0B0E50AE
62E008509E62E008
F060B06003000000
FFFFFF500B630002
66000041015EF060
B0607C0000000000
000D0B6600004201
4EF060B024D70000
00000000500B6600
01420119F060B034
D700000000000050
0B66000242010666
A00045010566A021
4300FF66A0004100
EFF060B05A7D0000
000000000D0B6600
004200EBF060B03C
D700000000000050
CB60D00066C04032
58F0607080070000
00FFFFFF601004F0
60B07F7D00000000
00000D0B66000042
00B967F00854FA67
F00854FD60D00660
C005F060B0B17D00
00000000000D0B50
DF60100054F162F0
0850AF54F162F008
66000042008560C0
00F0607090070000
00FFFFFF707CF060
B0797D0000000000
000D0B6600004200
62F060B044D70000
0000000070BD57B1
1C1D77DA44FF6DF0
60B03CD700000000
000054BCF060B044
D700000000000060
D000787B707D5607
7879707D57701D77
DA34EFF060B0DD7C
0000000000000D0B
600000302260D002
300B60D003300678
D0300278D0F060B0
807E000000000000
0D0B3003600001F0
60B07C7700000000
00000D0B0EF060B0
6003000000FFFFFF
500B630006660000
4100A7F060B014D7
000000000000500B
F06010FFFFFFFFFF
FFFFFF77013241F0
60708107000000FF
FFFFF060B0797D00
00000000000D0B66
0000327166100032
64F060B0DD7C0000
000000000D0BF060
B0FA7C0000000000
000D0B600000304D
F060B0607C000000
0000000D0B660000
323BF060B00A7E00
00000000000D0B66
00003212F060B032
7D0000000000000D
0B6000003017F060
B0DD7C0000000000
000D0B3008600002
3003600001F060B0
7C77000000000000
0D0B0E509E62E008
F060B06003000000
FFFFFF500B630004
6600004101C660A0
C8F060B05A7D0000
000000000D0B6600
004201B3F060B0EE
7B0000000000000D
0B6600004201A0F0
60B024D700000000
000060100254B1F0
60708107000000FF
FFFFF060B0797D00
00000000000D0B66
000042014F661000
42014460C000F060
70D007000000FFFF
FF781CF060B07F7D
0000000000000D0B
66000042012660D0
00787C6873707D70
795617F06070D807
000000FFFFFF707D
F060B07F7D000000
0000000D0B660000
4200F91D66D00834
D01C66C01934A7F0
60708007000000FF
FFFF601006F060B0
7F7D000000000000
0D0B6600004200CC
60D00A60C009F060
B0B17D0000000000
000D0B6600004200
B360C000F06070D0
07000000FFFFFF78
1CF060B07F7D0000
000000000D0B6600
0042009060D000F0
6070D807000000FF
FFFF707DF060B079
7D0000000000000D
0B66000042006D78
7C6873707DF060B0
44D7000000000000
70B757B11D66D008
34C51C66C019349C
F060B00A7E000000
0000000D0B660000
42004AF060B044D7
00000000000060C0
0060D0C8787B707C
56077879707C5770
1C77CD34EFF060B0
327D000000000000
0D0B600000302860
D006300278D0F060
B0807E0000000000
000D0B3012F060B0
DD7C000000000000
0D0B3003600001F0
60B07C7700000000
00000D0B0E67F050
500E62E00878BF62
B01854B0500E62E0
0878BF62B01054B0
500E62E00878BF62
B00854B0500E62E0
0854F0F060B06003
000000FFFFFF500B
6300086600004104
A178BF62B01050CB
66C00045048E66C0
1043048878BF62B0
0850DB66D0004504
7B66D01043047566
C000310870DC66D0
1043046878BF62B0
4854B2F060B00803
000000FFFFFF502B
509F60A040F060B0
5A7D000000000000
0D0B66000042003D
7879627040777944
0030777231053403
40002778BF62B018
509B60A010F060B0
5A7D000000000000
0D0B66000042000D
78BF62B048502B40
000D60000378BF62
B048502B4003FEF0
60B06803000000FF
FFFF507B66700041
03DC27F06010FE00
01000000000078C7
C2C178D7C3D166D0
004203C2787CF060
1001010000000000
0070C177C74403AE
601040789CC29178
ACC3A166A0004203
9D78BF62B01050AB
68A57879709A7797
44038B7879F06010
8002000000000000
7091779744037766
900045037178BF62
B02054B9787CF060
10E0000000000000
007071777C440356
66700045035078BF
62B02854B7F060B0
EE7B000000000000
0D0B660000420345
F060B0DD7C000000
0000000D0BF060B0
24D7000000000000
60100354B1D06C63
000178BF62B03054
B07810641001D96C
F06070AA08000000
FFFFFFF060B0797D
0000000000000D0B
6600004201B86610
004201AF17F060B0
797D000000000000
0D0B66000042019E
66100042019550DF
60C000F06070A008
000000FFFFFF781D
6310FFF060B07F7D
0000000000000D0B
66000042017069D8
171C66C00834DF78
BF62B010501BF060
70A808000000FFFF
FFF060B07F7D0000
000000000D0B6600
0042014278BF62B0
08501B17F060B07F
7D0000000000000D
0B66000042012717
601001F060B07F7D
0000000000000D0B
660000420110D068
78BF62B04054B0F0
6070AA08000000FF
FFFFF060B0797D00
00000000000D0B66
00004200E978D1D0
6878C078BF62B040
507B72C766D00443
00D166D0004100CB
66D001410057F060
70AB08000000FFFF
FFF060B0797D0000
000000000D0B6600
004200AA78A166D0
0241004066A00041
009966A00A430093
78BF62B020507B77
C73105340340007D
66A00241007166A0
0741007166A00841
006B40006E78BF62
B020507B77C74300
5C40FF5B66A00042
005978BF62B02050
7B77C73105340340
004360C000F06070
B008000000FFFFFF
F060B0797D000000
0000000D0B660000
42002BF060B044D7
00000000000070BC
57B1171C66C01034
D760000040000F60
0002400009600005
40000360000678BF
62B03854B0F06070
AA08000000FFFFFF
601002F060B07F7D
0000000000000D0B
660000420094D068
78BF62B04054B0F0
6070AA08000000FF
FFFFF060B0797D00
00000000000D0B66
000042006D78D1D0
6878C078BF62B040
507B72C766D00443
004F66D000311766
D001310340004278
BF62B028507B77C7
43003C40FFB1F060
70AB08000000FFFF
FFF060B0797D0000
000000000D0B6600
0042001E66100032
1078BF62B028507B
77C7313534334000
0660000640000360
000578BF62B03854
B078BF62B030501B
D96CF060B0DD7C00
00000000000D0B78
BF62B038500B4000
5C78BF62B038500B
6600003221F060B0
44D7000000000000
787F627018509760
C000561B57911B19
1C66C01034F478BF
62B030501BD96CF0
60B0327D00000000
00000D0B78BF62B0
38500B40000F6000
0640000960000340
000360000178D078
BF60C00A60100054
B162B0082C66C000
32F562F050780D67
E00854E00EF060B0
8107000000FFFFFF
560B67E00854E00E
F060B08207000000
FFFFFF560B67E008
54E00EF06070E5FA
000000000000F060
C000020000000000
0060100054716270
082C66C00032F50E
D02063000F6808F0
60A0E5FA00000000
000070A00E787A60
000060C020547062
70082C66C00032F5
0ED00967F00854F0
0CD01967F00854F0
D01A67F00854F0D0
1B67F00854F0D01C
67F00854F0D01667
F00854F066D00041
00A066D0034100D9
FB1000787A5007D8
196270085007D81A
6270085007D81B62
70085007D81C6270
085007D883627008
5007D884787A6270
40DF1666D0013135
787A6270305007FB
1578CA62C0806010
00FB1471780C6200
0360900457076978
202966900032F562
C004621001661008
34DF400075600000
FB11787AD0195470
627008D01A547062
7008D01B54706270
08D01C5470787A62
7030600000547040
0048FB1000787AD0
195470627008D01A
5470627008D01B54
70627008D01C5470
627008D083547062
7008D08454706270
0860000054706270
0860000154704000
09FB100060000040
0000600000D819D8
1AD81BD81CD882D8
83D884D816500FD8
1660700054F762F0
08500FD81C54F762
F008500FD81B54F7
62F008500FD81A54
F762F008500FD819
54F762F008501F54
F762F008600000FB
16D9090E67E00854
E00E66C000314878
D970DCF06070E5FA
000000000000F060
1000100000000000
0070177791340230
04777D3426F06070
E50A010000000000
F060100020000000
0000007017779134
023004777D340460
00000E6000010E66
C000314167F00854
FA67F00854FC78AC
F060B00C3D000000
0000000D0B50CF60
700054F762F00850
AF54F762F0086600
003216F060B0A28E
0000000000000D0B
6600003208600000
0E6000020E600003
0E50CE62E008509E
62E008F060B0F78E
0000000000000D0B
67E00854E00EF060
B01D8D0000000000
000D0B60D003F060
B0318D0000000000
000D0BF060B01D8D
0000000000000D0B
0EF060B0088D0000
000000000D0BF060
B01D8D0000000000
000D0B60D000F060
B0318D0000000000
000D0B60000040FE
DB50CE62E008509E
62E008F060B0088D
0000000000000D0B
787A627038500766
0001420105787A62
7028500766000042
013E627008500766
004034034000EB78
7A627020501778D1
63D00766D0004200
D96070037C176310
3F77014200CC66C0
004100C0F060B0F7
8E0000000000000D
0B6600024100C666
00034100E078DC60
103D7CD166D00042
00E6787C687378BA
62B020500B781070
7077714400D254B7
787A627030500760
1040721077C13404
78D1300278DC787A
6270407070781D56
0957701917216610
0032F472CD787A62
70305007700D5470
601040770142003E
67F00854F967F008
54FC60D001F060B0
318D000000000000
0D0B50CF60000054
F062F008509F54F0
62F008787A627040
6010085470627008
2166100032F566C0
0042FF7C60000040
FDB2F060B0668F00
00000000000D0B60
000140FD9FF060B0
088D000000000000
0D0BF060B0668F00
00000000000D0B60
000240FD7FF060B0
668F000000000000
0D0B60000340FD6C
F060B0668F000000
0000000D0B600004
40FD59509E62E008
F060B0088D000000
0000000D0B787A62
7038500766000142
009B787A62702850
076600004200D462
7008500766004034
03400081787A6270
20501778D163D007
66D00042006F6070
037C1763103F7701
42006260C020F060
B0F78E0000000000
000D0B6600024100
5F66000341007967
F00854F960D002F0
60B0318D00000000
00000D0B509F6000
0054F062F008787A
62708060C0205607
579017192C66C000
32F4F060B01D8D00
00000000000D0B60
000040FC9FF060B0
668F000000000000
0D0B60000140FC8C
F060B0088D000000
0000000D0BF060B0
668F000000000000
0D0B60000240FC6C
F060B0668F000000
0000000D0B600003
40FC59F060B0668F
0000000000000D0B
60000440FC46F060
B0088D0000000000
000D0BF060B0668F
0000000000000D0B
60000040FC26F060
70E50A0100000000
00F060C000040000
0000000060100054
716270082C66C000
32F50ED02063000F
6809F060A0E50A01
000000000070A00E
787A60000060C040
54706270082C66C0
0032F50ED00967F0
0854F00C67F008F1
54F067F008F154F1
67F008F154F267F0
08F154F3D01967F0
0854F0D01A67F008
54F0D01B67F00854
F0D01C67F00854F0
D01667F00854F066
D0004100D666D003
410127FB1002787A
5007D81962700850
07D81A6270085007
D81B6270085007D8
1C627008F2500762
7008F25017627008
F25027627008F250
376270085007D883
6270085007D88478
7A6010807071DF16
66D0013139787A62
70505007FB1578CA
600003680770C060
1000FB1471780C62
0007609008570769
78202966900032F5
62C0086210016610
0834DF4000A56000
00FB11787AD01954
70627008D01A5470
627008D01B547062
7008D01C54706270
08F15470627008F1
5471627008F15472
627008F15473787A
6270506000005470
400060FB1002787A
D0195470627008D0
1A5470627008D01B
5470627008D01C54
70627008F1547062
7008F15471627008
F15472627008F154
73627008D0835470
627008D084547062
7008600000547062
7008600001547040
0009FB1002600000
400000600000D819
D81AD81BD81CD882
D883D884D816F278
00F27810F27820F2
7830500FD8166070
0054F762F008500F
D81C54F762F00850
0FD81B54F762F008
500FD81A54F762F0
08500FD81954F762
F008F2503F54F762
F008F2502F54F762
F008F2501F54F762
F008F2500F54F762
F008501F54F762F0
08600000FB16D909
0E67E00854E00EF0
60B0B09200000000
00000D0B60D003F0
60B0C49200000000
00000D0BF060B0B0
920000000000000D
0B0EF060B09B9200
00000000000D0BF0
60B0B09200000000
00000D0B60D000F0
60B0C49200000000
00000D0B60000040
FF9F50CE62E00850
9E62E008F060B09B
920000000000000D
0B787A6270585007
660001420122787A
6270505007660080
3403400113787A62
7040501778D163D0
0766D00042010160
70037C1763107F77
014200F466C00041
00E8F060B0F78E00
00000000000D0B66
00024100EE660003
41010878DC60103D
7CD1787C687378BA
62B040500B781070
707771341062B008
500B7810700D7701
4400F3301662B008
500B7810700D7701
4400E37810107701
4400DB54B067B008
54B7787A62705050
07601080721077C1
340478D1300278DC
787A601080707170
70781D5609577019
172166100032F472
CD787A6270505007
700D547060108077
0142004067F00854
F967F00854FC60D0
01F060B0C4920000
000000000D0B50CF
60000054F062F008
509F54F062F00878
7A60108070716010
1054706270082166
100032F566C00042
FF7860000040FE59
F060B0C794000000
0000000D0B600001
40FE46F060B09B92
0000000000000D0B
F060B0C794000000
0000000D0B600002
40FE26F060B0C794
0000000000000D0B
60000340FE13F060
B0C7940000000000
000D0B60000440FE
00509E62E008F060
B09B920000000000
000D0B787A627058
5007660001420094
787A627050500766
0080340340008578
7A627040501778D1
63D00766D0004200
736070037C176310
7F770142006660C0
40F060B0F78E0000
000000000D0B6600
0241006366000341
007D67F00854F960
D002F060B0C49200
00000000000D0B50
9F60000054F062F0
08787A6010036817
707160C040560757
9017192C66C00032
F4F060B0B0920000
000000000D0B6000
0040FD4DF060B0C7
940000000000000D
0B60000140FD3AF0
60B09B9200000000
00000D0BF060B0C7
940000000000000D
0B60000240FD1AF0
60B0C79400000000
00000D0B60000340
FD07F060B09B9200
00000000000D0BF0
60B0C79400000000
00000D0B60000040
FCE7F060B0080800
0000FFFFFF600000
60C000781B701C56
11787C6090037B79
7B17750162C00166
C00834E767E00854
E00EF060B0000800
0000FFFFFF560B67
E00854E00E500E62
E008F060B0180800
0000FFFFFF60C000
78706090FF747978
9B709C5797690862
C00166C00834E90E
66A00045004D66A0
0031446690004500
42669000313DF060
B00C3D0000000000
000D0B660000322B
77923323F060B00C
D800000000000050
BB779B341A787970
7A781E6710087771
3105340340000860
00000E6000020E60
00030E50AE62E008
509E62E008F060B0
4898000000000000
0D0B67E00854E00E
787978DA60100057
71172D66D00032F7
0E50AE62E008509E
62E008F060B04898
0000000000000D0B
66000042005F66A0
00313F60C000F060
B01008000000FFFF
FF561B6610013230
F060B00008000000
FFFFFF561B787970
7C57711C77CA32D6
F060B01008000000
FFFFFF561B661001
3206600000400015
66C000310DF060B0
C098000000000000
0D0B60000167E008
54E00EF060B01008
000000FFFFFF561B
600000661001320B
F06000FFFFFFFFFF
FFFFFF67E00854E0
0E50AE62E008F060
B0B4990000000000
000D0B0E500E62E0
08D8160EFB2D0E67
E00860000254E00E
50AE62E008F060B0
CE99000000000000
0D0B0E0E500AD819
62A008500AD81A62
A008500AD81B62A0
08500AD81C0ED019
54A062A008D01A54
A062A008D01B54A0
62A008D01C54A00E
50AE62E008F060B0
B499000000000000
0D0B0E50AE62E008
F060B0CE99000000
0000000D0B0E500E
62E008D8850E507E
62E00850AE62E008
F060B0B499000000
0000000D0BDF16FB
2C0E501E62E00850
7E62E00850AE62E0
08F060B0B4990000
000000000D0BDF16
FB2078A1F060B0CE
990000000000000D
0B0E501E62E00850
7E62E00850AE62E0
08F060B0B4990000
000000000D0BDF16
FB2178A1F060B0CE
990000000000000D
0B0E501E62E00850
7E62E00850AE62E0
08F060B0B4990000
000000000D0BDF16
FB2278A1F060B0CE
990000000000000D
0B0E501E62E00850
AE62E008F060B0B4
990000000000000D
0BFB2378A1F060B0
CE99000000000000
0D0B0E501E62E008
50AE62E008F060B0
B499000000000000
0D0BFB2478A1F060
B0CE990000000000
000D0B0E501E62E0
08507E62E00850AE
62E008F060B0B499
0000000000000D0B
DF16FB2578A1F060
B0CE990000000000
000D0B0E500E62E0
08D818501E62E008
507E62E00850AE62
E008F060B0B49900
00000000000D0BDF
16FB2678A1F060B0
CE99000000000000
0D0B0E507E62E008
500E62E008D81656
07FB29000E501E62
E008507E62E00850
AE62E008F060B0B4
990000000000000D
0BDF16FB2A78A1F0
60B0CE9900000000
00000D0B0E501E62
E008507E62E00850
AE62E008F060B0B4
990000000000000D
0BDF16FB2778A1F0
60B0CE9900000000
00000D0B0E500E62
E008D818501E62E0
08507E62E00850AE
62E008F060B0B499
0000000000000D0B
DF16FB2878A1F060
B0CE990000000000
000D0B0E509E62E0
08F06070C8080000
00FFFFFF60C00078
B770BC57B9600008
7C9062C00166C008
34ED0E509E62E008
F060B0D008000000
FFFFFF57B9600008
7C9062B00157B90E
501E62E008509E62
E008F060B0D00800
0000FFFFFF600000
57B062B00157B0F0
6070D808000000FF
FFFF661000310BF0
6070DC08000000FF
FFFF60C000F06010
0001000000000000
5609577078B962B0
0178D762D001560B
57D078B962B00278
D762D002560B57D0
78B962B00378D762
D003560B57D06290
0462C00177C134C8
0E509E62E008F060
B0D008000000FFFF
FF60000057B062B0
0157B0F06070E008
000000FFFFFF60C0
00F0601000010000
0000000056075790
78B762B00178D962
D001560B57D078B7
62B00278D962D002
560B57D078B762B0
0378D962D003560B
57D062900462C001
77C134C80EF060B0
E808000000FFFFFF
60000157B00EF060
B0E808000000FFFF
FF60000357B00EF0
60B0E808000000FF
FFFF60000557B00E
F060B0E808000000
FFFFFF60000757B0
0EF060B0C0080000
00FFFFFF560B67E0
0854E00EF060B0C0
08000000FFFFFF56
0B60100274016600
0031F40E500E62E0
08F0607008090000
00FFFFFF57700E50
1E62E008500E62E0
08F0607010090000
00FFFFFF76CC77C1
310C569057796200
0162C00130F00E50
1E62E008500E62E0
08F0607018090000
00FFFFFF76CC77C1
310C569757096200
0162C00130F00EF0
60700109000000FF
FFFF60000157700E
F060700109000000
FFFFFF6000025770
0EF0607001090000
00FFFFFF60000357
700EF06070000900
0000FFFFFF560767
E00854E00ED05A67
E00854E00E500E62
E008D85A0E600001
D8600E600002D860
0ED06167E00854E0
0ED06267E00854E0
0ED06367E00854E0
0E600001D8640ED0
6467E00854E00ED0
6567E00854E00E60
0001D8700E600000
D8700E600003D870
0ED07167E00854E0
0ED07267E00854E0
0E500E6010037B01
F060B00A75000000
00000070B0500B54
E00E500E62E008F0
60B01803000000FF
FFFF54B00EF060B0
1803000000FFFFFF
500B67E00854E00E
600001D8740ED075
67E00854E00EF060
000000000000FEFF
FF67E00854E00EF0
60B02003000000FF
FFFF500B67E00854
E00EF060B0280300
0000FFFFFF500B67
E00854E00EF060B0
3803000000FFFFFF
500B67E00854E00E
F060B04003000000
FFFFFF500B67E008
54E00EF060B05003
000000FFFFFF500B
67E00854E00EF060
B05803000000FFFF
FF500B67E00854E0
0EF060B048030000
00FFFFFF500B67E0
0854E00E500EF060
B04803000000FFFF
FF501B7701601000
4400036010FF54E1
0E00000000000000
0003445550F060B0
4F0B000000000000
0D0B0ED99F000000
0000000444524F50
F060B0570B000000
0000000D0B0EF39F
0000000000000453
574150F060B05B0B
0000000000000D0B
0E0EA00000000000
00044F564552F060
B0690B0000000000
000D0B0E29A00000
0000000003524F54
F060B0760B000000
0000000D0B0E44A0
000000000000034E
4950F060B08D0B00
00000000000D0B0E
5EA0000000000000
045455434BF060B0
950B000000000000
0D0B0E78A0000000
0000000432445550
F060B0A80B000000
0000000D0B0E93A0
0000000000000532
44524F50F060B0BC
0B0000000000000D
0B0EAEA000000000
0000054445505448
F060B0C00B000000
0000000D0B0ECAA0
0000000000000450
49434BF060B0530C
0000000000000D0B
0EE6A00000000000
0004524F4C4CF060
B0660C0000000000
000D0B0E01A10000
00000000012BF060
B08E0C0000000000
000D0B0E1CA10000
00000000012DF060
B09A0C0000000000
000D0B0E34A10000
00000000012AF060
B0A60C0000000000
000D0B0E4CA10000
0000000003554D2A
F060B0B20C000000
0000000D0B0E64A1
000000000000012F
F060B0C90C000000
0000000D0B0E7EA1
000000000000034D
4F44F060B0D50C00
00000000000D0B0E
96A1000000000000
042F4D4F44F060B0
E10C000000000000
0D0B0EB0A1000000
000000064E454741
5445F060B0F40C00
00000000000D0B0E
CBA1000000000000
03414253F060B0FB
0C0000000000000D
0B0EE8A100000000
000002312BF060B0
1A0D000000000000
0D0B0E02A2000000
00000002312DF060
B0200D0000000000
000D0B0E1BA20000
0000000003414E44
F060B0260D000000
0000000D0B0E34A2
000000000000024F
52F060B0320D0000
000000000D0B0E4E
A200000000000003
584F52F060B03E0D
0000000000000D0B
0E67A20000000000
0006494E56455254
F060B04A0D000000
0000000D0B0E81A2
000000000000064C
5348494654F060B0
510D000000000000
0D0B0E9EA2000000
0000000652534849
4654F060B05D0D00
00000000000D0B0E
BBA2000000000000
06504F50434E54F0
60B0690D00000000
00000D0B0ED8A200
000000000003434C
5AF060B0700D0000
000000000D0B0EF5
A200000000000003
43545AF060B0770D
0000000000000D0B
0E0FA30000000000
0006424954524556
F060B07E0D000000
0000000D0B0E29A3
0000000000000542
53574150F060B085
0D0000000000000D
0B0E46A300000000
0000044E544F48F0
60B08C0D00000000
00000D0B0E62A300
0000000000044854
4F4EF060B08C0D00
00000000000D0B0E
7DA3000000000000
064E544F483332F0
60B0930D00000000
00000D0B0E98A300
0000000000064854
4F4E3332F060B093
0D0000000000000D
0B0EB5A300000000
0000064E544F4831
36F060B09F0D0000
000000000D0B0ED2
A300000000000006
48544F4E3136F060
B09F0D0000000000
000D0B0EEFA30000
000000000A504F4F
4C2D414C4C4F43F0
60B0AB0D00000000
00000D0B0E0CA400
000000000009504F
4F4C2D46524545F0
60B0F50D00000000
00000D0B0E2DA400
00000000000A504F
4F4C2D434F554E54
F060B0080E000000
0000000D0B0E4DA4
000000000000013D
F060B00F0E000000
0000000D0B0E6EA4
000000000000013C
F060B02B0E000000
0000000D0B0E86A4
000000000000013E
F060B05F0E000000
0000000D0B0E9EA4
0000000000000230
3DF060B0A00E0000
000000000D0B0EB6
A400000000000002
303CF060B0B80E00
00000000000D0B0E
CFA4000000000000
0140F060B0E30E00
00000000000D0B0E
E8A4000000000000
0121F060B0EA0E00
00000000000D0B0E
00A5000000000000
024340F060B0F70E
0000000000000D0B
0E18A50000000000
00024321F060B0FE
0E0000000000000D
0B0E31A500000000
0000024F4EF060B0
0B0F000000000000
0D0B0E4AA5000000
000000023221F060
B0170F0000000000
000D0B0E63A50000
00000000023240F0
60B02E0F00000000
00000D0B0E7CA500
0000000000044845
5245F060B0420F00
00000000000D0B0E
95A5000000000000
05414C4C4F54F060
B0550F0000000000
000D0B0EB0A50000
00000000012CF060
B0A80F0000000000
000D0B0ECCA50000
0000000002432CF0
60B0C20F00000000
00000D0B0EE4A500
000000000004454D
4954F060B0DA0F00
00000000000D0B0E
FDA5000000000000
034B4559F060B0E1
0F0000000000000D
0B0E18A600000000
0000044B45593FF0
60B0E80F00000000
00000D0B0E32A600
0000000000024352
F060B01110000000
0000000D0B0E4DA6
000000000000012E
F060B01F10000000
0000000D0B0E66A6
0000000000000255
2EF060B03F100000
000000000D0B0E7E
A600000000000002
2E53F060B05F1000
00000000000D0B0E
97A6000000000000
03484558F060B0CB
100000000000000D
0B0EB0A600000000
000007444543494D
414CF060B0DC1000
00000000000D0B0E
CAA6000000000000
0442415345F060B0
ED10000000000000
0D0B0EE8A6000000
00000005574F5244
53F060B0FE100000
000000000D0B0E03
A700000000000003
425945F060B05311
0000000000000D0B
0E1FA70000000000
000444554D50F060
B079110000000000
000D0B0E39A70000
000000000446494C
4CF060B0C8110000
000000000D0B0E54
A700000000000005
5746494C4CF060B0
DD11000000000000
0D0B0E6FA7000000
0000000952454354
2D46494C4CF060B0
FA11000000000000
0D0B0E8BA7000000
0000000A424C4954
2D474C595048F060
B02F120000000000
000D0B0EABA70000
000000000B424C49
542D535452494E47
F060B07E12000000
0000000D0B0ECCA7
0000000000000956
52414D2D434F5059
F060B02D13000000
0000000D0B0EEEA7
0000000000000254
49F060B0B0130000
000000000D0B0E0E
A800000000000005
5456494557F060B0
E314000000000000
0D0B0E27A8000000
000000055446494C
4CF060B010150000
000000000D0B0E43
A800000000000006
545352433021F060
B023150000000000
000D0B0E5FA80000
0000000006545352
433121F060B02B15
0000000000000D0B
0E7CA80000000000
00055444535421F0
60B0331500000000
00000D0B0E99A800
000000000006544D
4F444521F060B03B
150000000000000D
0B0EB5A800000000
000006544354524C
21F060B043150000
000000000D0B0ED2
A800000000000004
54414444F060B04B
150000000000000D
0B0EEFA800000000
00000454535542F0
60B04E1500000000
00000D0B0E0AA900
0000000000045441
4E44F060B0511500
00000000000D0B0E
25A9000000000000
03544F52F060B054
150000000000000D
0B0E40A900000000
00000454584F52F0
60B0571500000000
00000D0B0E5AA900
000000000004544D
554CF060B05A1500
00000000000D0B0E
75A9000000000000
0454444F54F060B0
5D15000000000000
0D0B0E90A9000000
000000045453554D
F060B06015000000
0000000D0B0EABA9
0000000000000454
4D494EF060B06315
0000000000000D0B
0EC6A90000000000
0004544D4158F060
B066150000000000
000D0B0EE1A90000
0000000006545452
414E53F060B06915
0000000000000D0B
0EFCA90000000000
0005545A45524FF0
60B06C1500000000
00000D0B0E19AA00
0000000000064359
434C4553F060B06F
150000000000000D
0B0E35AA00000000
00000441434340F0
60B0821500000000
00000D0B0E52AA00
0000000000054143
433140F060B08A15
0000000000000D0B
0E6DAA0000000000
00054143433240F0
60B0921500000000
00000D0B0E89AA00
0000000000054143
433340F060B09A15
0000000000000D0B
0EA5AA0000000000
000754504F50434E
54F060B0A2150000
000000000D0B0EC1
AA00000000000003
544C31F060B0A515
0000000000000D0B
0EDFAA0000000000
000554454D494EF0
60B0A81500000000
00000D0B0EF9AA00
0000000000055445
4D4158F060B0AB15
0000000000000D0B
0E15AB0000000000
00065453554D5351
F060B0B115000000
0000000D0B0E31AB
0000000000000754
4D494E494458F060
B0B4150000000000
000D0B0E4EAB0000
0000000007544D41
58494458F060B0B7
150000000000000D
0B0E6CAB00000000
00000554574D554C
F060B0BA15000000
0000000D0B0E8AAB
0000000000000454
4D4143F060B0BD15
0000000000000D0B
0EA6AB0000000000
000454464D41F060
B0C0150000000000
000D0B0EC1AB0000
000000000754444F
54414343F060B0C3
150000000000000D
0B0EDCAB00000000
00000454414253F0
60B0AE1500000000
00000D0B0EFAAB00
000000000006544D
4F444540F060B008
160000000000000D
0B0E15AC00000000
000006544354524C
40F060B010160000
000000000D0B0E32
AC00000000000007
45584543555445F0
60B0181600000000
00000D0B0E4FAC00
00000000000127F0
60B0201600000000
00000D0B0E6DAC00
0000000000835B27
5DF060B060160000
000000000D0B0E85
AC00000000000005
3E424F4459F060B0
9216000000000000
0D0B0E9FAC000000
000000013AF060B0
BF1F000000000000
0D0B0EBBAC000000
000000813BF060B0
0621000000000000
0D0B0ED3AC000000
000000824946F060
B072220000000000
000D0B0EEBAC0000
0000000084454C53
45F060B094230000
000000000D0B0E04
AD00000000000084
5448454EF060B0F4
230000000000000D
0B0E1FAD00000000
000085424547494E
F060B0AC24000000
0000000D0B0E3AAD
0000000000008555
4E54494CF060B0BF
240000000000000D
0B0E56AD00000000
0000855748494C45
F060B08325000000
0000000D0B0E72AD
0000000000008652
4550454154F060B0
3426000000000000
0D0B0E8EAD000000
0000008443415345
F060B0A726000000
0000000D0B0EABAD
000000000000824F
46F060B0B0260000
000000000D0B0EC6
AD00000000000085
454E444F46F060B0
A727000000000000
0D0B0EDFAD000000
00000087454E4443
415345F060B0B527
0000000000000D0B
0EFBAD0000000000
0082444FF060B008
280000000000000D
0B0E19AE00000000
0000833F444FF060
B0B4290000000000
000D0B0E32AE0000
00000000844C4F4F
50F060B0682C0000
000000000D0B0E4C
AE00000000000001
49F060B04C2E0000
000000000D0B0E67
AE00000000000008
5641524941424C45
F060B07737000000
0000000D0B0E7FAE
0000000000000843
4F4E5354414E54F0
60B0713800000000
00000D0B0E9EAE00
0000000000045459
5045F060B00E3900
00000000000D0B0E
BDAE000000000000
055350414345F060
B025390000000000
000D0B0ED8AE0000
0000000006535041
434553F060B02A39
0000000000000D0B
0EF4AE0000000000
00822E22F060B0AF
390000000000000D
0B0E11AF00000000
0000064143434550
54F060B09F3A0000
000000000D0B0E2A
AF0000000000000A
4E45542D53544154
5553F060B0D83A00
00000000000D0B0E
47AF000000000000
084E45542D53454E
44F060B0EB3A0000
000000000D0B0E68
AF00000000000008
4E45542D52454356
F060B0353B000000
0000000D0B0E87AF
000000000000084E
45542D4D414340F0
60B0A23B00000000
00000D0B0EA6AF00
0000000000054449
534B40F060B0B33B
0000000000000D0B
0EC5AF0000000000
00094449534B2D53
454321F060B0C63B
0000000000000D0B
0EE1AF0000000000
00094449534B2D44
4D4121F060B0EB3B
0000000000000D0B
0E01B00000000000
00074449534B2D4E
21F060B02A3C0000
000000000D0B0E21
B000000000000009
4449534B2D524541
44F060B03D3C0000
000000000D0B0E3F
B00000000000000A
4449534B2D575249
5445F060B04E3C00
00000000000D0B0E
5FB0000000000000
0A4449534B2D464C
555348F060B05F3C
0000000000000D0B
0E80B00000000000
000C4449534B2D53
4543544F5253F060
B0703C0000000000
000D0B0EA1B00000
000000000E444953
4B2D4D454449412D
47454EF060B09E3C
0000000000000D0B
0EC4B00000000000
00094449534B2D43
415053F060B0BC3C
0000000000000D0B
0EE9B00000000000
00114449534B2D52
4541442D43484543
4B4544F060B0BD42
0000000000000D0B
0E09B10000000000
00124449534B2D57
524954452D434845
434B4544F060B0EE
420000000000000D
0B0E31B100000000
0000124449534B2D
464C5553482D4348
45434B4544F060B0
1F43000000000000
0D0B0E5AB1000000
000000154449534B
2D524541442D4745
4E2D434845434B45
44F060B038430000
000000000D0B0E83
B100000000000016
4449534B2D575249
54452D47454E2D43
4845434B4544F060
B06B430000000000
000D0B0EAFB10000
0000000016444953
4B2D464C5553482D
47454E2D43484543
4B4544F060B09E43
0000000000000D0B
0EDCB10000000000
000D4D5036344653
2D56414C49443F60
0000F060B0010200
0000FFFFFF561B63
1080311178926991
F060B0D647000000
0000000D0B67E008
54E00E09B2000000
0000000654494D45
5221F060B0044C00
00000000000D0B0E
4BB2000000000000
0B54494D45522D43
54524C21F060B017
4C0000000000000D
0B0E68B200000000
00000954494D4552
2D41434BF060B02A
4C0000000000000D
0B0E8AB200000000
00000452544340F0
60B0414D00000000
00000D0B0EAAB200
0000000000034D53
40F060B03B4C0000
000000000D0B0EC5
B200000000000006
45504F434840F060
B0BE4C0000000000
000D0B0EDFB20000
0000000004525443
21F060B0994D0000
000000000D0B0EFC
B200000000000009
5254432D4354524C
21F060B0E74D0000
000000000D0B0E17
B30000000000000A
5254432D414C4152
4D21F060B0FA4D00
00000000000D0B0E
37B3000000000000
075254432D41434B
F060B0214E000000
0000000D0B0E58B3
0000000000000345
4921F060B0324E00
00000000000D0B0E
76B3000000000000
03444921F060B034
4E0000000000000D
0B0E90B300000000
00000449535221F0
60B0364E00000000
00000D0B0EAAB300
0000000000815CF0
60B03C3900000000
00000D0B0EC5B300
00000000008128F0
60B0573900000000
00000D0B0EDDB300
0000000000844558
4954F060B0592E00
00000000000D0B0E
F5B3000000000000
823E52F060B0672E
0000000000000D0B
0E10B40000000000
0082523EF060B008
2F0000000000000D
0B0E29B400000000
0000825240F060B0
A92F000000000000
0D0B0E42B4000000
000000014AF060B0
1A30000000000000
0D0B0E5BB4000000
00000086554E4C4F
4F50F060B02A3000
00000000000D0B0E
73B4000000000000
852B4C4F4F50F060
B088300000000000
000D0B0E90B40000
0000000085414741
494EF060B0CC3200
00000000000D0B0E
ACB4000000000000
055354415445F060
B010330000000000
000D0B0EC8B40000
00000000815BF060
B021330000000000
000D0B0EE4B40000
00000000015DF060
B032330000000000
000D0B0EFCB40000
00000000874C4954
4552414CF060B043
330000000000000D
0B0E14B500000000
000009494D4D4544
49415445F060B056
330000000000000D
0B0E32B500000000
0000064352454154
45F060B09D330000
000000000D0B0E52
B500000000000082
5322F060B0B93400
00000000000D0B0E
6FB5000000000000
02303EF060B0ED35
0000000000000D0B
0E88B50000000000
00023C3EF060B019
360000000000000D
0B0EA1B500000000
000003303C3EF060
B031360000000000
000D0B0EBAB50000
00000000043F4455
50F060B045360000
000000000D0B0ED4
B500000000000003
4D494EF060B05236
0000000000000D0B
0EEFB50000000000
00034D4158F060B0
6236000000000000
0D0B0E09B6000000
0000000543454C4C
53F060B075360000
000000000D0B0E23
B600000000000005
43454C4C2BF060B0
7C36000000000000
0D0B0E3FB6000000
000000022B21F060
B084360000000000
000D0B0E5BB60000
0000000002322AF0
60B0953600000000
00000D0B0E74B600
000000000005434D
4F5645F060B09C36
0000000000000D0B
0E8DB60000000000
0006434D4F56453E
F060B0AF36000000
0000000D0B0EA9B6
000000000000042D
524F54F060B0C236
0000000000000D0B
0EC6B60000000000
0002424CF060B0D9
360000000000000D
0B0EE1B600000000
00000454525545F0
60B0E23600000000
00000D0B0EFAB600
0000000000054641
4C5345F060B0EC36
0000000000000D0B
0E15B70000000000
0004574F5244F060
B0F5360000000000
000D0B0E31B70000
00000000064C4154
455354F0601004D7
0000000000005011
67E00854E10E4CB7
0000000000000532
4F564552F060B055
4E0000000000000D
0B0E6EB700000000
0000053253574150
F060B06E4E000000
0000000D0B0E8AB7
0000000000000432
524F54F060B08E4E
0000000000000D0B
0EA6B70000000000
00023E3DF060B0D9
4E0000000000000D
0B0EC1B700000000
0000023C3DF060B0
0D4F000000000000
0D0B0EDAB7000000
00000002553CF060
B04E4F0000000000
000D0B0EF3B70000
0000000002553EF0
60B06A4F00000000
00000D0B0E0CB800
0000000000034F46
46F060B0864F0000
000000000D0B0E25
B800000000000002
5740F060B0914F00
00000000000D0B0E
3FB8000000000000
025721F060B09F4F
0000000000000D0B
0E58B80000000000
00024C40F060B0B3
4F0000000000000D
0B0E71B800000000
0000024C21F060B0
DA4F000000000000
0D0B0E8AB8000000
000000052E5A5354
52F060B0F94F0000
000000000D0B0EA3
B800000000000005
5543484152F060B0
0A50000000000000
0D0B0EBFB8000000
0000000654414C49
474EF060B01C5000
00000000000D0B0E
DBB8000000000000
0541424F5254F060
B03D500000000000
000D0B0EF8B80000
000000008641424F
525422F060B06150
0000000000000D0B
0E14B90000000000
00854C45415645F0
60B0995300000000
00000D0B0E31B900
000000000002322F
F060B09A54000000
0000000D0B0E4DB9
0000000000000543
4F554E54F060B0A1
540000000000000D
0B0E66B900000000
0000044D4F5645F0
60B0AE5400000000
00000D0B0E82B900
0000000000065749
5448494EF060B0DA
540000000000000D
0B0E9DB900000000
00000446494E44F0
60B0FF5400000000
00000D0B0EBAB900
000000000006534F
55524345F060B04E
550000000000000D
0B0ED5B900000000
0000033E494EF060
B071550000000000
000D0B0EF2B90000
0000000008455641
4C55415445F060B0
0457000000000000
0D0B0E0CBA000000
000000104556414C
554154452D434845
434B4544F060B0A6
5B0000000000000D
0B0E2BBA00000000
00000F4556414C55
4154452D46494E49
5348F060B0C65B00
00000000000D0B0E
52BA000000000000
0F4556414C554154
4F522D5245534554
F060B05A5C000000
0000000D0B0E78BA
0000000000001045
56414C5541544F52
2D554E57494E44F0
60B0BB5600000000
00000D0B0E9EBA00
00000000000B4556
414C2D5354415455
53F060B0215D0000
000000000D0B0EC5
BA00000000000009
4556414C2D4C494E
45F060B0325D0000
000000000D0B0EE7
BA0000000000000B
4556414C2D434F4C
554D4EF060B0435D
0000000000000D0B
0E07BB0000000000
000A4556414C2D44
45505448F060B054
5D0000000000000D
0B0E29BB00000000
00000A4556414C2D
5448524F57F060B0
655D000000000000
0D0B0E4ABB000000
0000000A4556414C
2D544F4B454EF060
B0765D0000000000
000D0B0E6BBB0000
0000000007434F4D
50415245F060B099
5D0000000000000D
0B0E8CBB00000000
00000443484152F0
60B0D65D00000000
00000D0B0EAABB00
0000000000865B43
4841525DF060B0F9
5D0000000000000D
0B0EC5BB00000000
0000875245435552
5345F060B01B5E00
00000000000D0B0E
E2BB000000000000
0556414C5545F060
B0AA5F0000000000
000D0B0E00BC0000
0000000082544FF0
60B0976000000000
00000D0B0E1CBC00
000000000088504F
5354504F4E45F060
B0AF620000000000
000D0B0E35BC0000
0000000083323E52
F060B00366000000
0000000D0B0E54BC
0000000000008332
523EF060B0446700
00000000000D0B0E
6EBC000000000000
83325240F060B085
680000000000000D
0B0E88BC00000000
000085444F45533E
F060B0B669000000
0000000D0B0EA2BC
000000000000073E
4E554D424552F060
B0716A0000000000
000D0B0EBEBC0000
0000000004515549
54F060B0F16A0000
000000000D0B0EDC
BC00000000000006
46534C4F4144F060
B0D8480000000000
000D0B0EF7BC0000
0000000006434F52
454944F060B08A75
0000000000000D0B
0E14BD0000000000
00064E434F524553
F060B09275000000
0000000D0B0E31BD
0000000000000849
50492D53454E44F0
60B09A7500000000
00000D0B0E4EBD00
00000000000A4950
492D535441545553
F060B0D875000000
0000000D0B0E6DBD
0000000000000749
50492D41434BF060
B0EB750000000000
000D0B0E8EBD0000
00000000054D424F
5821F060B0FE7500
00000000000D0B0E
ACBD000000000000
054D424F5840F060
B02A760000000000
000D0B0EC8BD0000
0000000005535049
4E40F060B05B7600
00000000000D0B0E
E4BD000000000000
055350494E21F060
B074760000000000
000D0B0E00BE0000
000000000957414B
452D434F5245F060
B094760000000000
000D0B0E1CBE0000
000000000B434F52
452D535441545553
F060B0D99E000000
0000000D0B0E3CBE
0000000000000B50
4552462D4359434C
4553F060B0C07600
00000000000D0B0E
5EBE000000000000
0B504552462D5354
414C4C53F060B0C8
760000000000000D
0B0E80BE00000000
00000C504552462D
54494C454F5053F0
60B0D07600000000
00000D0B0EA2BE00
00000000000B5045
52462D4558544D45
4DF060B0D8760000
000000000D0B0EC5
BE0000000000000A
504552462D524553
4554F060B0E07600
00000000000D0B0E
E7BE000000000000
094352432D4D4F44
4521F060B08D7700
00000000000D0B0E
08BF000000000000
094352432D494E49
5421F060B09F7800
00000000000D0B0E
28BF000000000000
084352432D464545
44F060B0D9780000
000000000D0B0E48
BF00000000000004
43524340F060B04D
790000000000000D
0B0E67BF00000000
0000094352432D52
45534554F060B06B
780000000000000D
0B0E82BF00000000
0000084145532D4B
455921F060B06E7A
0000000000000D0B
0EA2BF0000000000
00074145532D4956
21F060B0967A0000
000000000D0B0EC1
BF0000000000000C
4145532D4141442D
4C454E21F060B0BE
7A0000000000000D
0B0EDFBF00000000
00000D4145532D44
4154412D4C454E21
F060B0D17A000000
0000000D0B0E02C0
0000000000000841
45532D434D4421F0
60B0E47A00000000
00000D0B0E26C000
00000000000B4145
532D535441545553
40F060B0F77A0000
000000000D0B0E45
C00000000000000D
4145532D4B45592D
4D4F444521F060B0
0A7B000000000000
0D0B0E67C0000000
000000084145532D
44494E21F060B01D
7B0000000000000D
0B0E8BC000000000
0000094145532D44
4F555440F060B045
7B0000000000000D
0B0EAAC000000000
0000084145532D54
414740F060B06D7B
0000000000000D0B
0ECAC00000000000
00084145532D5441
4721F060B0957B00
00000000000D0B0E
E9C0000000000000
0A534841332D4245
47494EF060B0C57E
0000000000000D0B
0E08C10000000000
000B534841332D55
5044415445F060B0
E77F000000000000
0D0B0E29C1000000
0000000A53484133
2D46494E414CF060
B0D3800000000000
000D0B0E4BC10000
000000000C534841
332D535441545553
40F060B0BD8C0000
000000000D0B0E6C
C10000000000000B
5348414B452D4649
4E414CF060B07F82
0000000000000D0B
0E8FC10000000000
000A534841332D4D
4F444540F060B0D0
8C0000000000000D
0B0EB1C100000000
00000A5348414B45
2D52454144F060B0
6683000000000000
0D0B0ED2C1000000
0000000A53484133
2D434C454152F060
B0F5840000000000
000D0B0EF3C10000
000000000C4B4543
43414B2D46313630
30F060B0C3850000
000000000D0B0E14
C20000000000000B
5348413235362D49
4E4954F060B0918F
0000000000000D0B
0E37C20000000000
000D534841323536
2D555044415445F0
60B0C18F00000000
00000D0B0E59C200
00000000000C5348
413235362D46494E
414CF060B0439100
00000000000D0B0E
7DC2000000000000
0C5348413235362D
434C454152F060B0
5692000000000000
0D0B0EA0C2000000
0000000652414E44
4F4DF060B0DA9700
00000000000D0B0E
C3C2000000000000
0752414E444F4D38
F060B00A98000000
0000000D0B0EE0C2
0000000000000853
4545442D524E47F0
60B01D9800000000
00000D0B0EFEC200
00000000000E5832
353531392D534341
4C415221F060B079
990000000000000D
0B0E1DC300000000
00000D5832353531
392D504F494E5421
F060B08C99000000
0000000D0B0E42C3
0000000000000958
32353531392D474F
F060B09499000000
0000000D0B0E66C3
0000000000000E58
32353531392D5354
4154555340F060B0
9799000000000000
0D0B0E86C3000000
0000000E58323535
31392D524553554C
5440F060B0A09900
00000000000D0B0E
ABC3000000000000
0B5832353531392D
57414954F060B0B3
990000000000000D
0B0ED0C300000000
00000547462D4121
F060B0E899000000
0000000D0B0EF2C3
0000000000000547
462D5240F060B0FB
990000000000000D
0B0E0EC400000000
00000847462D5052
494D45F060B00E9A
0000000000000D0B
0E2AC40000000000
000A4C4F41442D50
52494D45F060B016
9A0000000000000D
0B0E49C400000000
00000446414444F0
60B0329A00000000
00000D0B0E6AC400
0000000000044653
5542F060B0629A00
00000000000D0B0E
85C4000000000000
04464D554CF060B0
929A000000000000
0D0B0EA0C4000000
0000000446535152
F060B0C29A000000
0000000D0B0EBBC4
0000000000000446
494E56F060B0EB9A
0000000000000D0B
0ED6C40000000000
000446504F57F060
B0149B0000000000
000D0B0EF1C40000
0000000008464D55
4C2D524157F060B0
449B000000000000
0D0B0E0CC5000000
0000000546434D4F
56F060B07B9B0000
000000000D0B0E2B
C500000000000004
46434551F060B08D
9B0000000000000D
0B0E47C500000000
000004464D4143F0
60B0BD9B00000000
00000D0B0E62C500
00000000000C464D
554C2D4144442D52
4157F060B0ED9B00
00000000000D0B0E
7DC5000000000000
084E54542D534554
51F060B0249C0000
000000000D0B0EA0
C500000000000008
4E54542D49445821
F060B04B9C000000
0000000D0B0EBFC5
000000000000084E
54542D4C4F4144F0
60B0689C00000000
00000D0B0EDEC500
0000000000094E54
542D53544F5245F0
60B0E99C00000000
00000D0B0EFDC500
0000000000074E54
542D465744F060B0
559D000000000000
0D0B0E1DC6000000
000000074E54542D
494E56F060B0669D
0000000000000D0B
0E3BC60000000000
00084E54542D504D
554CF060B0779D00
00000000000D0B0E
59C6000000000000
084E54542D504144
44F060B0889D0000
000000000D0B0E78
C60000000000000B
4E54542D53544154
555340F060B0999D
0000000000000D0B
0E97C60000000000
00084E54542D5741
4954F060B0AC9D00
00000000000D0B0E
B9C6000000000000
084B454D2D53454C
21F060B0C49D0000
000000000D0B0ED8
C600000000000008
4B454D2D4C4F4144
F060B0D79D000000
0000000D0B0EF7C6
000000000000094B
454D2D53544F5245
F060B0FF9D000000
0000000D0B0E16C7
0000000000000A4B
454D2D4B45594745
4EF060B0279E0000
000000000D0B0E36
C70000000000000A
4B454D2D454E4341
5053F060B0389E00
00000000000D0B0E
57C7000000000000
0A4B454D2D444543
415053F060B0499E
0000000000000D0B
0E78C70000000000
000B4B454D2D5354
4154555340F060B0
5A9E000000000000
0D0B0E99C7000000
000000084255532D
45525240F060B06D
9E0000000000000D
0B0EBBC700000000
00000B4255532D45
52522D434C52F060
B0759E0000000000
000D0B0EDAC70000
0000000009424953
542D46554C4CF060
B07D9E0000000000
000D0B0EFCC70000
000000000A424953
542D515549434BF0
60B0839E00000000
00000D0B0E1CC800
00000000000B4249
53542D5354415455
53F060B0899E0000
000000000D0B0E3D
C80000000000000E
424953542D464149
4C2D41444452F060
B0919E0000000000
000D0B0E5FC80000
000000000E424953
542D4641494C2D44
415441F060B0999E
0000000000000D0B
0E84C80000000000
000954494C452D54
455354F060B0A19E
0000000000000D0B
0EA9C80000000000
000A54494C452D54
45535440F060B0A7
9E0000000000000D
0B0EC9C800000000
00000C54494C452D
44455441494C40F0
60B0AF9E00000000
00000D0B0EEAC800
00000000000A5453
54524944452D5221
500E62E008D8400E
0DC9000000000000
0A54535452494445
2D5240D04067E008
54E00E28C9000000
000000085454494C
452D4821500E62E0
08D8420E43C90000
0000000008545449
4C452D5721500E62
E008D8430E5CC900
000000000007544C
4F41443244F8E300
0E75C90000000000
00085453544F5245
3244F8E3010E89C9
0000000000000946
5031362D4D4F4445
600004D8140E9EC9
0000000000000942
4631362D4D4F4445
600005D8140EB6C9
0000000000000949
43414348452D4F4E
F060B0B79E000000
0000000D0B0ECEC9
0000000000000A49
43414348452D4F46
46F060B0BD9E0000
000000000D0B0EEE
C90000000000000A
4943414348452D49
4E56F060B0C39E00
00000000000D0B0E
0FCA000000000000
0B4943414348452D
48495453F060B0C9
9E0000000000000D
0B0E30CA00000000
00000D4943414348
452D4D4953534553
F060B0D19E000000
0000000D0B0E52CA
0000000000000B43
4C55535445522D45
4E21F060B0F29E00
00000000000D0B0E
76CA000000000000
0B434C5553544552
2D454E40F060B005
9F0000000000000D
0B0E98CA00000000
00000E4241525249
45522D4152524956
45F060B0189F0000
000000000D0B0EBA
CA0000000000000E
424152524945522D
535441545553F060
B01E9F0000000000
000D0B0EDFCA0000
0000000004535041
44F060B0269F0000
000000000D0B0E04
CB00000000000008
4842572D42415345
F060B0379F000000
0000000D0B0E1FCB
0000000000000848
42572D53495A45F0
60B04A9F00000000
00000D0B0E3ECB00
00000000000C4558
542D4D454D2D4241
5345F060B05D9F00
00000000000D0B0E
5DCB000000000000
0C4558542D4D454D
2D53495A45F060B0
709F000000000000
0D0B0E80CB000000
000000095652414D
2D42415345F060B0
839F000000000000
0D0B0EA3CB000000
000000095652414D
2D53495A45F060B0
969F000000000000
0D0B0EC3CB000000
000000064E2D4655
4C4CF060B0A99F00
00000000000D0B0E
E3CB000000000000
064D4943524F3FF0
60B0BC9F00000000
00000D0B0E00CC00
0000000000035350
40F060B0CE0B0000
000000000D0B0E1D
CC00000000000083
535021F060B0D60B
0000000000000D0B
0E37CC0000000000
0003525040F060B0
F70B000000000000
0D0B0E51CC000000
00000083525021F0
60B0020C00000000
00000D0B0E6BCC00
00000000000A454E
5445522D55534552
F060B0E86C000000
0000000D0B0E85CC
0000000000000853
59532D45584954F0
60B0E96C00000000
00000D0B0EA6CC00
0000000000055052
495640F060B0EA6C
0000000000000D0B
0EC5CC0000000000
00094D50552D4241
534521F060B0F26C
0000000000000D0B
0EE1CC0000000000
000A4D50552D4C49
4D495421F060B0FA
6C0000000000000D
0B0E01CD00000000
0000094D50552D42
41534540F060B002
6D0000000000000D
0B0E22CD00000000
00000A4D50552D4C
494D495440F060B0
0A6D000000000000
0D0B0E42CD000000
00000008434C2D50
52495621F060B012
6D0000000000000D
0B0E63CD00000000
000008434C2D5052
495640F060B01A6D
0000000000000D0B
0E82CD0000000000
000C434C2D4D5055
2D4241534521F060
B0226D0000000000
000D0B0EA1CD0000
000000000D434C2D
4D50552D4C494D49
5421F060B02A6D00
00000000000D0B0E
C4CD000000000000
0C434C2D4D50552D
4241534540F060B0
326D000000000000
0D0B0EE8CD000000
0000000D434C2D4D
50552D4C494D4954
40F060B03A6D0000
000000000D0B0E0B
CE00000000000009
5345502D5053454C
40F060B0426D0000
000000000D0B0E2F
CE00000000000009
5345502D5853454C
40F060B04A6D0000
000000000D0B0E4F
CE00000000000006
5345502D5440F060
B0526D0000000000
000D0B0E6FCE0000
0000000008534550
2D534E4150F060B0
5A6D000000000000
0D0B0E8CCE000000
0000000846422D42
41534521F060B065
6D0000000000000D
0B0EABCE00000000
00000946422D5749
44544821F060B08C
6D0000000000000D
0B0ECACE00000000
00000A46422D4845
4947485421F060B0
B36D000000000000
0D0B0EEACE000000
0000000A46422D53
545249444521F060
B0DA6D0000000000
000D0B0E0BCF0000
000000000846422D
4D4F444521F060B0
016E000000000000
0D0B0E2CCF000000
0000000846422D4D
4F444540F060B014
6E0000000000000D
0B0E4BCF00000000
00000946422D454E
41424C45F060B027
6E0000000000000D
0B0E6ACF00000000
00000A46422D4449
5341424C45F060B0
3A6E000000000000
0D0B0E8ACF000000
0000000946422D56
53594E4340F060B0
4B6E000000000000
0D0B0EABCF000000
0000000C46422D56
53594E432D41434B
F060B07B6E000000
0000000D0B0ECBCF
0000000000000746
422D50414C21F060
B09E6E0000000000
000D0B0EEECF0000
000000000A46422D
53544154555340F0
60B0D76E00000000
00000D0B0E0CD000
0000000000084642
2D5345545550F060
B0EA6E0000000000
000D0B0E2DD00000
00000000895B4445
46494E45445DF060
B036630000000000
000D0B0E4CD00000
000000008B5B554E
444546494E45445D
F060B06D63000000
0000000D0B0E6CD0
000000000000845B
49465DF060B0A463
0000000000000D0B
0E8ED00000000000
00865B454C53455D
F060B0DC64000000
0000000D0B0EA9D0
000000000000865B
5448454E5DF060B0
C365000000000000
0D0B0EC6D0000000
000000064A49542D
4F4EF060B0A61C00
00000000000D0B0E
E3D0000000000000
074A49542D4F4646
F060B0B71C000000
0000000D0B0E00D1
000000000000094A
49542D5354415453
F060B00D1D000000
0000000D0B0E1ED1
000000000000094A
49542D5245534554
F060B0C81C000000
0000000D0B0E3ED1
0000000000000D5F
52454C4F432D4143
54495645F060102C
DE00000000000067
E00854E10E5ED100
00000000000C5F52
454C4F432D434F55
4E54F0601034DE00
000000000067E008
54E10E85D1000000
0000000A5F52454C
4F432D425546F060
103CDE0000000000
0067E00854E10EAB
D100000000000005
5041555345F060B0
796F000000000000
0D0B0ECFD1000000
0000000A5441534B
2D5949454C44F060
B0A1700000000000
000D0B0EEBD10000
000000000A424143
4B47524F554E44F0
60B04A7100000000
00000D0B0E0CD200
0000000000095441
534B2D53544F50F0
60B0B37100000000
00000D0B0E2DD200
0000000000055441
534B3FF060B0CF71
0000000000000D0B
0E4DD20000000000
000B4241434B4752
4F554E4432F060B0
6071000000000000
0D0B0E69D2000000
0000000B4241434B
47524F554E4433F0
60B0767100000000
00000D0B0E8BD200
0000000000062354
41534B53F060B012
720000000000000D
0B0EADD200000000
0000075441534B2D
4944F060B0F57100
00000000000D0B0E
CAD2000000000000
04434F4C53F060B0
4172000000000000
0D0B0EE8D2000000
00000004524F5753
F060B05B72000000
0000000D0B0E03D3
0000000000000854
45524D53495A45F0
60B0757200000000
00000D0B0E1ED300
0000000000085245
53495A45443FF060
B0A8720000000000
000D0B0E3DD30000
000000000E524553
495A452D44454E49
45443FF060B0D472
0000000000000D0B
0E5CD30000000000
000E524553495A45
2D52455155455354
F060B00073000000
0000000D0B0E81D3
000000000000073A
4E4F4E414D45F060
B098210000000000
000D0B0EA6D30000
00000000825B3AF0
60B0665E00000000
00000D0B0EC4D300
0000000000823B5D
F060B0EB5E000000
0000000D0B0EDDD3
0000000000000D43
52432D464545442D
42595445F060B013
790000000000000D
0B0EF6D300000000
00000E4352432D52
41572D46494E414C
40F060B086790000
000000000D0B0E1A
D40000000000000A
4352432D46494E41
4C40F060B0347A00
00000000000D0B0E
3FD4000000000000
0C43525950544F2D
4341505340F060B0
E676000000000000
0D0B0E60D4000000
0000000854582D46
4C555348F060B029
060000000000000D
0B0E83D400000000
00000B5348413531
322D494E4954F060
B0F2940000000000
000D0B0EA2D40000
000000000D534841
3531322D55504441
5445F060B0229500
00000000000D0B0E
C4D4000000000000
0C5348413531322D
46494E414CF060B0
C196000000000000
0D0B0EE8D4000000
0000000C53484135
31322D434C454152
F060B0BA97000000
0000000D0B0E0BD5
0000000000001053
4841322D5350414E
2D535441545553F0
60B0498F00000000
00000D0B0E2ED500
00000000000C454E
54524F50592D4649
4C4CF060B0D19800
00000000000D0B0E
55D5000000000000
0E454E54524F5059
2D52454144593FF0
60B0539900000000
00000D0B0E78D500
0000000000124341
4C4C45522D535041
4E2D535441545553
F060B0A398000000
0000000D0B0E9DD5
0000000000000554
414D4143F060B0C6
150000000000000D
0B0EC6D500000000
000008544143432D
545259F060B0C915
0000000000000D0B
0EE2D50000000000
000A544143432D43
4C454152F060B0CD
150000000000000D
0B0E01D600000000
000009544143432D
4C4F4144F060B0D1
150000000000000D
0B0E22D600000000
00000A544143432D
53544F5245F060B0
D515000000000000
0D0B0E42D6000000
0000000C54414343
2D52454C45415345
F060B0D915000000
0000000D0B0E63D6
0000000000000C54
4143432D53544154
555340F060B0DD15
0000000000000D0B
0E86D60000000000
000B544143432D43
4C41494D3FF060B0
E515000000000000
0D0B0EA9D6000000
0000000A574F5453
2D434841494EF060
B0B5870000000000
000D0B0E00000000
000000000A000000
0000000000000000
0000000000000000
0000000000000000
00000000FFFFFFFF
FFFFFFFF00000000
0000000000000000
0000000000000000
0000000000000000
0000000000000000
0000000000000000
0000000000000000
0000000000000000
0000000000000000
0000000000000000
0000000000000000
0000000000000000
0000000000000000
0000000000000000
0000000000000000
0000000000000000
0000000000000000
0000000000000000
0000000000000000
0000000000000000
0000000000000000
0000000000000000
0000000000000000
0000000000000000
0000000000000000
0000000000000000
0000000000000000
0000000000000000
0000000000000000
0000000000000000
0000000000000000
0000000000000000
0000000000000000
0000000000000000
0000000000000000
0000000000000000
0000000000000000
0000000000000000
0000000000000000
0000000000000000
0000000000000000
0000000000000000
0000000000000000
0000000000000000
0000000000000000
0000000000000000
0000000000000000
0000000000000000
0000000000000000
0000000000000000
0000000000000000
0000000000000000
0000000000000000
0000000000000000
0000000000000000
0000000000000000
0000000000000000
0000000000000000
0000000000000000
0000000000000000
0000000000000000
0000000000000000
0000000000000000
0000000000000000
0000000000000000
0000000000000000
0000000000000000
0000000000000000
0000000000000000
0000000000000000
0000000000000000
0000000000000000
0000000000000000
0000000000000000
0000000000000000
0000000000000000
0000000000000000
0000000000000000
0000000000000000
0000000000000000
0000000000000000
0000000000000000
0000000000000000
0000000000000000
0000000000000000
0000000000000000
0000000000000000
0000000000000000
0000000000000000
0000000000000000
0000000000000000
0000000000000000
0000000000000000
0000000000000000
0000000000000000
0000000000000000
0000000000000000
0000000000000000
0000000000000000
0000000000000000
0000000000000000
0000000000000000
0000000000000000
0000000000000000
0000000000000000
0000000000000000
0000000000000000
0000000000000000
0000000000000000
0000000000000000
0000000000000000
0000000000000000
0000000000000000
0000000000000000
0000000000000000
0000000000000000
0000000000000000
0000000000000000
0000000000000000
0000000000000000
0000000000000000
0000000000000000
0000000000000000
0000000000000000
0000000000000000
0000000000000000
0000000000000000
0000000000000000
0000000000000000
0000000000000000
0000000000000000
0000000000000000
0000000000000000
0000000000000000
0000000000000000
0000000000000000
0000000000000000
0000000000000000
0000000000000000
0000000000000000
0000000000000000
0000000000000000
0000000000000000
0000000000000000
0000000000000000
0000000000000000
0000000000000000
0000000000000000
0000000000000000
0000000000000000
0000000000000000
0000000000000000
0000000000000000
0000000000000000
0000000000000000
0000000000000000
0000000000000000
0000000000000000
0000000000000000
0000000000000000
0000000000000000
0000000000000000
0000000000000000
0000000000000000
0000000000000000
0000000000000000
0000000000000000
0000000000000000
0000000000000000
0000000000000000
0000000000000000
0000000000000000
0000000000000000
0000000000000000
0000000000000000
0000000000000000
0000000000000000
0000000000000000
0000000000000000
0000000000000000
0000000000000000
0000000000000000
0000000000000000
0000000000000000
0000000000000000
0000000000000000
0000000000000000
0000000000000000
0000000000000000
0000000000000000
0000000000000000
0000000000000000
0000000000000000
0000000000000000
0000000000000000
0000000000000000
0000000000000000
0000000000000000
0000000000000000
0000000000000000
0000000000000000
0000000000000000
0000000000000000
0000000000000000
0000000000000000
0000000000000000
0000000000000000
0000000000000000
0000000000000000
0000000000000000
0000000000000000
0000000000000000
0000000000000000
0000000000000000
0000000000000000
0000000000000000
0000000000000000
0000000000000000
0000000000000000
0000000000000000
0000000000000000
0000000000000000
0000000000000000
0000000000000000
0000000000000000
0000000000000000
0000000000000000
0000000000000000
0000000000000000
0000000000000000
0000000000000000
0000000000000000
0000000000000000
0000000000000000
0000000000000000
0000000000000000
0000000000000000
0000000000000000
0000000000000000
0000000000000000
0000000000000000
0000000000000000
0000000000000000
0000000000000000
0000000000000000
0000000000000000
0000000000000000
0000000000000000
0000000000000000
0000000000000000
0000000000000000
0000000000000000
0000000000000000
0000000000000000
0000000000000000
0000000000000000
0000000000000000
0000000000000000
0000000000000000
0000000000000000
0000000000000000
0000000000000000
0000000000000000
0000000000000000
0000000000000000
0000000000000000
0000000000000000
0000000000000000
0000000000000000
0000000000000000
0000000000000000
0000000000000000
0000000000000000
0000000000000000
0000000000000000
0000000000000000
0000000000000000
0000000000000000
0000000000000000
0000000000000000
0000000000000000
0000000000000000
0000000000000000
0000000000000000
0000000000000000
0000000000000000
0000000000000000
0000000000000000
0000000000000000
0000000000000000
0000000000000000
0000000000000000
0000000000000000
0000000000000000
0000000000000000
0000000000000000
0000000000000000
0000000000000000
0000000000000000
0000000000000000
0000000000000000
0000000000000000
0000000000000000
0000000000000000
0000000000000000
0000000000000000
0000000000000000
0000000000000000
0000000000000000
0000000000000000
0000000000000000
0000000000000000
0000000000000000
0000000000000000
0000000000000000
0000000000000000
0000000000000000
0000000000000000
0000000000000000
0000000000000000
0000000000000000
0000000000000000
0000000000000000
0000000000000000
0000000000000000
0000000000000000
0000000000000000
0000000000000000
0000000000000000
0000000000000000
0000000000000000
0000000000000000
0000000000000000
0000000000000000
0000000000000000
0000000000000000
0000000000000000
0000000000000000
0000000000000000
0000000000000000
0000000000000000
0000000000000000
0000000000000000
0000000000000000
0000000000000000
0000000000000000
0000000000000000
0000000000000000
0000000000000000
0000000000000000
0000000000000000
0000000000000000
0000000000000000
0000000000000000
0000000000000000
0000000000000000
0000000000000000
0000000000000000
0000000000000000
0000000000000000
0000000000000000
0000000000000000
0000000000000000
0000000000000000
0000000000000000
0000000000000000
0000000000000000
0000000000000000
0000000000000000
0000000000000000
0000000000000000
0000000000000000
0000000000000000
0000000000000000
0000000000000000
0000000000000000
0000000000000000
0000000000000000
0000000000000000
0000000000000000
0000000000000000
0000000000000000
0000000000000000
0000000000000000
0000000000000000
0000000000000000
0000000000000000
0000000000000000
0000000000000000
0000000000000000
0000000000000000
0000000000000000
0000000000000000
0000000000000000
0000000000000000
0000000000000000
0000000000000000
0000000000000000
0000000000000000
0000000000000000
0000000000000000
0000000000000000
0000000000000000
0000000000000000
0000000000000000
0000000000000000
0000000000000000
0000000000000000
0000000000000000
0000000000000000
0000000000000000
0000000000000000
0000000000000000
0000000000000000
0000000000000000
0000000000000000
0000000000000000
0000000000000000
0000000000000000
0000000000000000
0000000000000000
0000000000000000
0000000000000000
0000000000000000
0000000000000000
0000000000000000
0000000000000000
0000000000000000
0000000000000000
0000000000000000
0000000000000000
0000000000000000
0000000000000000
0000000000000000
0000000000000000
0000000000000000
000000000A4D6567
617061642D363420
466F727468204249
4F532076312E300A
52414D3A20002062
797465730A00206F
6B0A00203F20286E
6F7420666F756E64
290A00427965210A
003E2000544D4F44
453D002054435452
4C3D00535243303D
0020535243313D00
204453543D004143
433A2000206E616D
6520657870656374
65640A0020206C69
6E6520003A200063
6F6D70696C652D6F
6E6C7920776F7264
0A00537461636B20
756E646572666C6F
770A00537461636B
206F766572666C6F
770A005265747572
6E20737461636B20
6F766572666C6F77
0A004556414C5541
5445206465707468
206C696D69742065
786365656465640A
004556414C554154
4520696E70757420
6578636565647320
3235352062797465
730A004469637469
6F6E617279206675
6C6C0A0064696374
696F6E617279206F
766572666C6F770A
00494D4D45444941
5445206166746572
203A4E4F4E414D45
0A006E6573746564
20646566696E6974
696F6E0A00756E6D
617463686564203B
5D0A003B20696E73
696465205B3A202E
2E2E203B5D0A0046
534C4F41443A206E
6F206469736B0A00
46534C4F41443A20
696E76616C696420
4D50363446530A00
46534C4F41443A20
66696C6520657863
656564732052414D
206275666665720A
0046534C4F41443A
206469736B20492F
4F206661696C6564
0A0046534C4F4144
3A206E6F7420666F
756E640A000A2A2A
2A20425553204641
554C54204020000A
2A2A2A2050524956
494C454745204641
554C542040200020
5345503D0020543D
00204552523D0042
72616E6368206F66
66736574206F7665
72666C6F770A0054
6F6F206D616E7920
4C45415645732028
6D61782038290A00
4A49543A20307800
20696E6C696E6573
2C2030780020666F
6C64732C20307800
2070656570686F6C
65732C2030780020
6279746573207361
7665640A00000000
0000000000000000
0000000000000000
0000000000000000
0000000000000000
0000000000FF6A00
00000000000A6C00
0000000000000000
0000000000297400
0000000000000000
0000000000000000
0000000000000000
0000000000000000
0000000000000000
0000000000000000
00000000001E6C00
0000000000000000
0000000000000000
0000000000000000
0000000000000000
0000000000000000
0000000000000000
0000000000000000
0000000000000000
0000000000000000
0000000000000000
0000000000000000
0000000000000000
0000000000000000
0000000000000000
0000000000000000
0000000000000000
0000000000000000
0000000000000000
0000000000000000
0000000000000000
0000000000000000
0000000000000000
0000000000000000
0000000000000000
0000000000000000
0000000000000000
0000000000000000
0000000000000000
0000000000000000
0000000000000000
0000000000000000
0000000000000000
0000000000000000
0000000000000000
0000000000000000
0000000000000000
0000000000000000
0000000000000000
0000000000000000
0000000000000000
0000000000000000
0000000000000000
0000000000000000
0000000000000000
0000000000000000
0000000000000000
0000000000000000
0000000000000000
0000000000000000
0000000000000000
0000000000000000
0000000000000000
0000000000000000
0000000000000000
0000000000000000
0000000000000000
0000000000000000
0000000000000000
0000000000000000
0000000000000000
0000000000000000
0000000000000000
0000000000000000
0000000000000000
0000000000000000
0000000000000000
0000000000000000
0000000000000000
0000000000000000
0000000000000000
0000000000000000
0000000000000000
0000000000000000
0000000000000000
0000000000000000
0000000000000000
0000000000000000
0000000000000000
0000000000000000
0000000000000000
0000000000000000
0000000000000000
0000000000000000
0000000000000000
0000000000000000
0000000000000000
0000000000000000
0000000000000000
0000000000000000
0000000000000000
0000000000000000
0000000000000000
0000000000000000
0000000000000000
0000000000000000
0000000000000000
0000000000000000
0000000000000000
0000000000000000
0000000000000000
0000000000000000
0000000000000000
0000000000000000
0000000000000000
0000000000000000
0000000000000000
0000000000000000
0000000000000000
0000000000000000
0000000000000000
0000000000000000
0000000000000000
0000000000000000
0000000000000000
0000000000000000
0000000000000000
0000000000000000
0000000000000000
0000000000000000
0000000000000000
0000000000000000
0000000000000000
0000000000000000
0000000000000000
0000000000000000
0000000000000000
0000000000000000
0000000000000000
0000000000000000
0000000000000000
0000000000000000
0000000000000000
0000000000000000
0000000000000000
0000000000000000
0000000000000000
0000000000000000
0000000000000000
0000000000000000
0000000000000000
0000000000000000
0000000000000000
0000000000000000
0000000000000000
0000000000000000
0000000000000000
0000000000000000
0000000000000000
0000000000000000
0000000000000000
0000000000000000
0000000000000000
0000000000000000
0000000000000000
0000000000000000
0000000000000000
0000000000000000
0000000000000000
0000000000000000
0000000000000000
0000000000000000
0000000000000000
0000000000000000
0000000000000000
0000000000000000
0000000000000000
0000000000000000
0000000000000000
0000000000000000
0000000000000000
0000000000000000
0000000000000000
0000000000000000
0000000000000000
0000000000000000
0000000000000000
0000000000000000
0000000000000000
0000000000000000
0000000000000000
0000000000000000
0000000000000000
0000000000000000
0000000000000000
0000000000000000
0000000000000000
0000000000000000
0000000000000000
0000000000000000
0000000000000000
0000000000000000
0000000000000000
0000000000000000
0000000000000000
0000000000000000
0000000000000000
0000000000000000
0000000000000000
0000000000000000
0000000000000000
0000000000000000
0000000000000000
0000000000000000
0000000000000000
0000000000000000
0000000000000000
0000000000000000
0000000000000000
0000000000000000
0000000000000000
0000000000000000
0000000000000000
0000000000000000
0000000000000000
0000000000000000
0000000000000000
0000000000000000
0000000000000000
0000000000000000
0000000000000000
0000000000000000
0000000000000000
0000000000000000
0000000000000000
0000000000000000
0000000000000000
0000000000000000
0000000000000000
0000000000000000
0000000000000000
0000000000000000
0000000000000000
0000000000000000
0000000000000000
0000000000000000
0000000000000000
0000000000000000
0000000000000000
0000000000000000
0000000000000000
0000000000000000
0000000000000000
0000000000000000
0000000000000000
0000000000000000
0000000000000000
0000000000000000
0000000000000000
0000000000000000
0000000000000000
0000000000000000
0000000000000000
0000000000000000
0000000000000000
0000000000000000
0000000000000000
0000000000000000
0000000000000000
0000000000000000
0000000000000000
0000000000000000
0000000000000000
0000000000000000
0000000000000000
0000000000000000
0000000000000000
0000000000000000
0000000000000000
0000000000000000
0000000000000000
0000000000000000
0000000000000000
0000000000000000
0000000000000000
0000000000000000
0000000000000000
0000000000000000
0000000000000000
0000000000000000
0000000000000000
0000000000000000
0000000000000000
0000000000000000
0000000000000000
0000000000000000
0000000000000000
0000000000000000
0000000000000000
0000000000000000
0000000000000000
0000000000000000
0000000000000000
0000000000000000
0000000000000000
0000000000000000
0000000000000000
0000000000000000
0000000000000000
0000000000000000
0000000000000000
0000000000000000
0000000000000000
0000000000000000
0000000000000000
0000000000000000
0000000000000000
0000000000000000
0000000000000000
0000000000000000
0000000000000000
0000000000000000
0000000000000000
0000000000000000
0000000000000000
0000000000000000
0000000000000000
0000000000000000
0000000000000000
0000000000000000
0000000000000000
0000000000000000
0000000000000000
0000000000000000
0000000000000000
0000000000000000
0000000000000000
0000000000000000
0000000000000000
0000000000000000
0000000000000000
0000000000000000
0000000000000000
0000000000000000
0000000000000000
0000000000000000
0000000000000000
0000000000000000
0000000000000000
0000000000000000
0000000000000000
0000000000000000
0000000000000000
0000000000000000
0000000000000000
0000000000000000
0000000000000000
0000000000000000
0000000000000000
0000000000000000
0000000000000000
0000000000000000
0000000000000000
0000000000000000
0000000000000000
0000000000000000
0000000000000000
0000000000000000
0000000000000000
0000000000000000
0000000000000000
0000000000000000
0000000000000000
0000000000000000
0000000000000000
0000000000000000
0000000000000000
0000000000000000
0000000000000000
0000000000000000
0000000000000000
0000000000000000
0000000000000000
0000000000000000
0000000000000000
0000000000000000
0000000000000000
0000000000000000
0000000000000000
0000000000000000
0000000000000000
0000000000000000
0000000000000000
0000000000000000
0000000000000000
0000000000000000
0000000000000000
0000000000000000
0000000000000000
0000000000000000
0000000000000000
0000000000000000
0000000000000000
0000000000000000
0000000000000000
0000000000000000
0000000000000000
0000000000000000
0000000000000000
0000000000000000
0000000000000000
0000000000000000
0000000000000000
0000000000000000
0000000000000000
0000000000000000
0000000000000000
0000000000000000
0000000000000000
0000000000000000
0000000000000000
0000000000000000
0000000000000000
0000000000000000
0000000000000000
0000000000000000
0000000000000000
0000000000000000
0000000000000000
0000000000000000
0000000000000000
0000000000000000
0000000000000000
0000000000000000
0000000000000000
0000000000000000
0000000000000000
0000000000000000
0000000000000000
0000000000000000
0000000000000000
0000000000000000
0000000000000000
0000000000000000
0000000000000000
0000000000000000
0000000000000000
0000000000000000
0000000000000000
0000000000000000
0000000000000000
0000000000000000
0000000000000000
0000000000000000
0000000000000000
0000000000000000
0000000000000000
0000000000000000
0000000000000000
0000000000000000
0000000000000000
0000000000000000
0000000000000000
0000000000000000
0000000000000000
0000000000000000
0000000000000000
0000000000000000
0000000000000000
0000000000000000
0000000000000000
0000000000000000
0000000000000000
0000000000000000
0000000000000000
0000000000000000
0000000000000000
0000000000000000
0000000000000000
0000000000000000
0000000000000000
0000000000000000
0000000000000000
0000000000000000
0000000000000000
0000000000000000
0000000000000000
0000000000000000
0000000000000000
0000000000000000
0000000000000000
0000000000000000
0000000000000000
0000000000000000
0000000000000000
0000000000000000
0000000000000000
0000000000000000
0000000000000000
0000000000000000
0000000000000000
0000000000000000
0000000000000000
0000000000000000
0000000000000000
0000000000000000
0000000000000000
0000000000000000
0000000000000000
0000000000000000
0000000000000000
0000000000000000
0000000000000000
0000000000000000
0000000000000000
0000000000000000
0000000000000000
0000000000000000
0000000000000000
0000000000000000
0000000000000000
0000000000000000
0000000000000000
0000000000000000
0000000000000000
0000000000000000
0000000000000000
0000000000000000
0000000000000000
0000000000000000
0000000000000000
0000000000000000
0000000000000000
0000000000000000
0000000000000000
0000000000000000
0000000000000000
0000000000000000
0000000000000000
0000000000000000
0000000000000000
0000000000000000
0000000000000000
0000000000000000
0000000000000000
0000000000000000
0000000000000000
0000000000000000
0000000000000000
0000000000000000
0000000000000000
0000000000000000
0000000000000000
0000000000000000
0000000000000000
0000000000000000
0000000000000000
0000000000000000
0000000000000000
0000000000000000
0000000000000000
0000000000000000
0000000000000000
0000000000000000
0000000000000000
0000000000000000
0000000000000000
0000000000000000
0000000000000000
0000000000000000
0000000000000000
0000000000000000
0000000000000000
0000000000000000
0000000000000000
0000000000000000
0000000000000000
0000000000000000
0000000000000000
0000000000000000
0000000000000000
0000000000000000
0000000000000000
0000000000000000
0000000000000000
0000000000000000
0000000000000000
0000000000000000
0000000000000000
0000000000000000
0000000000000000
0000000000000000
0000000000000000
0000000000000000
0000000000000000
0000000000000000
0000000000000000
0000000000000000
0000000000000000
0000000000000000
0000000000000000
0000000000000000
0000000000000000
0000000000000000
0000000000000000
0000000000000000
0000000000000000
0000000000000000
0000000000000000
0000000000000000
0000000000000000
0000000000000000
0000000000000000
0000000000000000
0000000000000000
0000000000000000
0000000000000000
0000000000000000
0000000000000000
0000000000000000
0000000000000000
0000000000000000
0000000000000000
0000000000000000
0000000000000000
0000000000000000
0000000000000000
0000000000000000
0000000000000000
0000000000000000
0000000000000000
0000000000000000
0000000000000000
0000000000000000
0000000000000000
0000000000000000
0000000000000000
0000000000000000
0000000000000000
0000000000000000
0000000000000000
0000000000000000
0000000000000000
0000000000000000
0000000000000000
0000000000000000
0000000000000000
0000000000000000
0000000000000000
0000000000000000
0000000000000000
0000000000000000
0000000000000000
0000000000000000
0000000000000000
0000000000000000
0000000000000000
0000000000000000
0000000000000000
0000000000000000
0000000000000000
0000000000000000
0000000000000000
0000000000000000
0000000000000000
0000000000000000
0000000000000000
0000000000000000
0000000000000000
0000000000000000
0000000000000000
0000000000000000
0000000000000000
0000000000000000
0000000000000000
0000000000000000
0000000000000000
0000000000000000
0000000000000000
0000000000000000
0000000000000000
0000000000000000
0000000000000000
0000000000000000
0000000000000000
0000000000000000
0000000000000000
0000000000000000
0000000000000000
0000000000000000
0000000000000000
0000000000000000
0000000000000000
0000000000000000
0000000000000000
0000000000000000
0000000000000000
0000000000000000
0000000000000000
0000000000000000
0000000000000000
0000000000000000
0000000000000000
0000000000000000
0000000000000000
0000000000000000
0000000000000000
0000000000000000
0000000000000000
0000000000000000
0000000000000000
0000000000000000
0000000000000000
0000000000000000
0000000000000000
0000000000000000
0000000000000000
0000000000000000
0000000000000000
0000000000000000
0000000000000000
0000000000000000
0000000000000000
0000000000000000
0000000000000000
0000000000000000
0000000000000000
0000000000000000
0000000000000000
0000000000000000
0000000000000000
0000000000000000
0000000000000000
0000000000000000
0000000000000000
0000000000000000
0000000000000000
0000000000000000
0000000000000000
0000000000000000
0000000000000000
0000000000000000
0000000000000000
0000000000000000
0000000000000000
0000000000000000
0000000000000000
0000000000000000
0000000000000000
0000000000000000
0000000000000000
0000000000000000
0000000000000000
0000000000000000
0000000000000000
0000000000000000
0000000000000000
0000000000000000
0000000000000000
0000000000000000
0000000000000000
0000000000000000
0000000000000000
0000000000000000
0000000000000000
0000000000000000
0000000000000000
0000000000000000
0000000000000000
0000000000000000
0000000000000000
0000000000000000
0000000000000000
0000000000000000
0000000000000000
0000000000000000
0000000000000000
0000000000000000
0000000000000000
0000000000000000
0000000000000000
0000000000000000
0000000000000000
0000000000000000
0000000000000000
0000000000000000
0000000000000000
0000000000000000
0000000000000000
0000000000000000
0000000000000000
0000000000000000
0000000000000000
0000000000000000
0000000000000000
0000000000000000
0000000000000000
0000000000000000
0000000000000000
0000000000000000
0000000000000000
0000000000000000
0000000000000000
0000000000000000
0000000000000000
0000000000000000
0000000000000000
0000000000000000
0000000000000000
0000000000000000
0000000000000000
0000000000000000
0000000000000000
0000000000000000
0000000000000000
0000000000000000
0000000000000000
0000000000000000
0000000000000000
0000000000000000
0000000000000000
0000000000000000
0000000000000000
0000000000000000
0000000000000000
0000000000000000
0000000000000000
0000000000000000
0000000000000000
0000000000000000
0000000000000000
0000000000000000
0000000000000000
0000000000000000
0000000000000000
0000000000000000
0000000000000000
0000000000000000
0000000000000000
0000000000000000
0000000000000000
0000000000000000
0000000000000000
0000000000000000
0000000000000000
0000000000000000
0000000000000000
0000000000000000
0000000000000000
0000000000000000
0000000000000000
0000000000000000
0000000000000000
0000000000000000
0000000000000000
0000000000000000
0000000000000000
0000000000000000
0000000000000000
0000000000000000
0000000000000000
0000000000000000
0000000000000000
0000000000000000
0000000000000000
0000000000000000
0000000000000000
0000000000000000
0000000000000000
0000000000000000
0000000000000000
0000000000000000
0000000000000000
0000000000000000
0000000000000000
0000000000000000
0000000000000000
0000000000000000
0000000000000000
0000000000000000
0000000000000000
0000000000000000
0000000000000000
0000000000000000
0000000000000000
0000000000000000
0000000000000000
0000000000000000
0000000000000000
0000000000000000
0000000000000000
0000000000000000
0000000000000000
0000000000000000
0000000000000000
0000000000000000
0000000000000000
0000000000000000
0000000000000000
0000000000000000
0000000000000000
0000000000000000
0000000000000000
0000000000000000
0000000000000000
0000000000000000
0000000000000000
0000000000000000
0000000000000000
0000000000000000
0000000000000000
0000000000000000
0000000000000000
0000000000000000
0000000000000000
0000000000000000
0000000000000000
0000000000000000
0000000000000000
0000000000000000
0000000000000000
0000000000000000
0000000000000000
0000000000000000
0000000000000000
0000000000000000
0000000000000000
0000000000000000
0000000000000000
0000000000000000
0000000000000000
0000000000000000
0000000000000000
0000000000000000
0000000000000000
0000000000000000
0000000000000000
0000000000000000
0000000000000000
0000000000000000
0000000000000000
0000000000000000
0000000000000000
0000000000000000
0000000000000000
0000000000000000
0000000000000000
0000000000000000
0000000000000000
0000000000000000
0000000000000000
0000000000000000
0000000000000000
0000000000000000
0000000000000000
0000000000000000
0000000000000000
0000000000000000
0000000000000000
0000000000000000
0000000000000000
0000000000000000
0000000000000000
0000000000000000
0000000000000000
0000000000000000
0000000000000000
0000000000000000
0000000000000000
0000000000000000
0000000000000000
0000000000000000
0000000000000000
0000000000000000
0000000000000000
0000000000000000
0000000000000000
0000000000000000
0000000000000000
0000000000000000
0000000000000000
0000000000000000
0000000000000000
0000000000000000
0000000000000000
0000000000000000
0000000000000000
0000000000000000
0000000000000000
0000000000000000
0000000000000000
0000000000000000
0000000000000000
0000000000000000
0000000000000000
0000000000000000
0000000000000000
0000000000000000
0000000000000000
0000000000000000
0000000000000000
0000000000000000
0000000000000000
0000000000000000
0000000000000000
0000000000000000
0000000000000000
0000000000000000
0000000000000000
0000000000000000
0000000000000000
0000000000000000
0000000000000000
0000000000000000
0000000000000000
0000000000000000
0000000000000000
0000000000000000
0000000000000000
0000000000000000
0000000000000000
0000000000000000
0000000000000000
0000000000000000
0000000000000000
0000000000000000
0000000000000000
0000000000000000
0000000000000000
0000000000000000
0000000000000000
0000000000000000
0000000000000000
0000000000000000
0000000000000000
0000000000000000
0000000000000000
0000000000000000
0000000000000000
0000000000000000
0000000000000000
0000000000000000
0000000000000000
0000000000000000
0000000000000000
0000000000000000
0000000000000000
0000000000000000
0000000000000000
0000000000000000
0000000000000000
0000000000000000
0000000000000000
0000000000000000
0000000000000000
0000000000000000
0000000000000000
0000000000000000
0000000000000000
0000000000000000
0000000000000000
0000000000000000
0000000000000000
0000000000000000
0000000000000000
0000000000000000
0000000000000000
0000000000000000
0000000000000000
0000000000000000
0000000000000000
0000000000000000
0000000000000000
0000000000000000
0000000000000000
0000000000000000
0000000000000000
0000000000000000
0000000000000000
0000000000000000
0000000000000000
0000000000000000
0000000000000000
0000000000000000
0000000000000000
0000000000000000
0000000000000000
0000000000000000
0000000000000000
0000000000000000
0000000000000000
0000000000000000
0000000000000000
0000000000000000
0000000000000000
0000000000000000
0000000000000000
0000000000000000
0000000000000000
0000000000000000
0000000000000000
0000000000000000
0000000000000000
0000000000000000
0000000000000000
0000000000000000
0000000000000000
0000000000000000
0000000000000000
0000000000000000
0000000000000000
0000000000000000
0000000000000000
0000000000000000
0000000000000000
0000000000000000
0000000000000000
0000000000000000
0000000000000000
0000000000000000
0000000000000000
0000000000000000
0000000000000000
0000000000000000
0000000000000000
0000000000000000
0000000000000000
0000000000000000
0000000000000000
0000000000000000
0000000000000000
0000000000000000
0000000000000000
0000000000000000
0000000000000000
0000000000000000
0000000000000000
0000000000000000
0000000000000000
0000000000000000
0000000000000000
0000000000000000
0000000000000000
0000000000000000
0000000000000000
0000000000000000
0000000000000000
0000000000000000
0000000000000000
0000000000000000
0000000000000000
0000000000000000
0000000000000000
0000000000000000
0000000000000000
0000000000000000
0000000000000000
0000000000000000
0000000000000000
0000000000000000
0000000000000000
0000000000000000
0000000000000000
0000000000000000
0000000000000000
0000000000000000
0000000000000000
0000000000000000
0000000000000000
0000000000000000
0000000000000000
0000000000000000
0000000000000000
0000000000000000
0000000000000000
0000000000000000
0000000000000000
0000000000000000
0000000000000000
0000000000000000
0000000000000000
0000000000000000
0000000000000000
0000000000000000
0000000000000000
0000000000000000
0000000000000000
0000000000000000
0000000000000000
0000000000000000
0000000000000000
0000000000000000
0000000000000000
0000000000000000
0000000000000000
0000000000000000
0000000000000000
0000000000000000
0000000000000000
0000000000000000
0000000000000000
0000000000000000
0000000000000000
0000000000000000
0000000000000000
0000000000000000
0000000000000000
0000000000000000
0000000000000000
0000000000000000
0000000000000000
0000000000000000
0000000000000000
0000000000000000
0000000000000000
0000000000000000
0000000000000000
0000000000000000
0000000000000000
0000000000000000
0000000000000000
0000000000000000
0000000000000000
0000000000000000
0000000000000000
0000000000000000
0000000000000000
0000000000000000
0000000000000000
0000000000000000
0000000000000000
0000000000000000
0000000000000000
0000000000000000
0000000000000000
0000000000000000
0000000000000000
0000000000000000
0000000000000000
0000000000000000
0000000000000000
0000000000000000
0000000000000000
0000000000000000
0000000000000000
0000000000000000
0000000000000000
0000000000000000
0000000000000000
0000000000000000
0000000000000000
0000000000000000
0000000000000000
0000000000000000
0000000000000000
0000000000000000
0000000000000000
0000000000000000
0000000000000000
0000000000000000
0000000000000000
0000000000000000
0000000000000000
0000000000000000
0000000000000000
0000000000000000
0000000000000000
0000000000000000
0000000000000000
0000000000000000
0000000000000000
0000000000000000
0000000000000000
0000000000000000
0000000000000000
0000000000000000
0000000000000000
0000000000000000
0000000000000000
0000000000000000
0000000000000000
0000000000000000
0000000000000000
0000000000000000
0000000000000000
0000000000000000
0000000000000000
0000000000000000
0000000000000000
0000000000000000
0000000000000000
0000000000000000
0000000000000000
0000000000000000
0000000000000000
0000000000000000
0000000000000000
0000000000000000
0000000000000000
0000000000000000
0000000000000000
0000000000000000
0000000000000000
0000000000000000
0000000000000000
0000000000000000
0000000000000000
0000000000000000
0000000000000000
0000000000000000
0000000000000000
0000000000000000
0000000000000000
0000000000000000
0000000000000000
0000000000000000
0000000000000000
0000000000000000
0000000000000000
0000000000000000
0000000000000000
0000000000000000
0000000000000000
0000000000000000
0000000000000000
0000000000000000
0000000000000000
0000000000000000
0000000000000000
0000000000000000
0000000000000000
0000000000000000
0000000000000000
0000000000000000
0000000000000000
0000000000000000
0000000000000000
0000000000000000
0000000000000000
0000000000000000
0000000000000000
0000000000000000
0000000000000000
0000000000000000
0000000000000000
0000000000000000
0000000000000000
0000000000000000
0000000000000000
0000000000000000
0000000000000000
0000000000000000
0000000000000000
0000000000000000
0000000000000000
0000000000000000
0000000000000000
0000000000000000
0000000000000000
0000000000000000
0000000000000000
0000000000000000
0000000000000000
0000000000000000
0000000000000000
0000000000000000
0000000000000000
0000000000000000
0000000000000000
0000000000000000
0000000000000000
0000000000000000
0000000000000000
0000000000000000
0000000000000000
0000000000000000
0000000000000000
0000000000000000
0000000000000000
0000000000000000
0000000000000000
0000000000000000
0000000000000000
0000000000000000
0000000000000000
0000000000000000
0000000000000000
0000000000000000
0000000000000000
0000000000000000
0000000000000000
0000000000000000
0000000000000000
0000000000000000
0000000000000000
0000000000000000
0000000000000000
0000000000000000
0000000000000000
0000000000000000
0000000000000000
0000000000000000
0000000000000000
0000000000000000
0000000000000000
0000000000000000
0000000000000000
0000000000000000
0000000000000000
0000000000000000
0000000000000000
0000000000000000
0000000000000000
0000000000000000
0000000000000000
0000000000000000
0000000000000000
0000000000000000
0000000000000000
0000000000000000
0000000000000000
0000000000000000
0000000000000000
0000000000000000
0000000000000000
0000000000000000
0000000000000000
0000000000000000
0000000000000000
0000000000000000
0000000000000000
0000000000000000
0000000000000000
0000000000000000
0000000000000000
0000000000000000
0000000000000000
0000000000000000
0000000000000000
0000000000000000
0000000000000000
0000000000000000
0000000000000000
0000000000000000
0000000000000000
0000000000000000
0000000000000000
0000000000000000
0000000000000000
0000000000000000
0000000000000000
0000000000000000
0000000000000000
0000000000000000
0000000000000000
0000000000000000
0000000000000000
0000000000000000
0000000000000000
0000000000000000
0000000000000000
0000000000000000
0000000000000000
0000000000000000
0000000000000000
0000000000000000
0000000000000000
0000000000000000
0000000000000000
0000000000000000
0000000000000000
0000000000000000
0000000000000000
0000000000000000
0000000000000000
0000000000000000
0000000000000000
0000000000000000
0000000000000000
0000000000000000
0000000000000000
0000000000000000
0000000000000000
0000000000000000
0000000000000000
0000000000000000
0000000000000000
0000000000000000
0000000000000000
0000000000000000
0000000000000000
0000000000000000
0000000000000000
0000000000000000
0000000000000000
0000000000000000
0000000000000000
0000000000000000
0000000000000000
0000000000000000
0000000000000000
0000000000000000
0000000000000000
0000000000000000
0000000000000000
0000000000000000
0000000000000000
0000000000000000
0000000000000000
0000000000000000
0000000000000000
0000000000000000
0000000000000000
0000000000000000
0000000000000000
0000000000000000
0000000000000000
0000000000000000
0000000000000000
0000000000000000
0000000000000000
0000000000000000
0000000000000000
0000000000000000
0000000000000000
0000000000000000
0000000000000000
0000000000000000
0000000000000000
0000000000000000
0000000000000000
0000000000000000
0000000000000000
0000000000000000
0000000000000000
0000000000000000
0000000000000000
0000000000000000
0000000000000000
0000000000000000
0000000000000000
0000000000000000
0000000000000000
0000000000000000
0000000000000000
0000000000000000
0000000000000000
0000000000000000
0000000000000000
0000000000000000
0000000000000000
0000000000000000
0000000000000000
0000000000000000
0000000000000000
0000000000000000
0000000000000000
0000000000000000
0000000000000000
0000000000000000
0000000000000000
0000000000000000
0000000000000000
0000000000000000
0000000000000000
0000000000000000
0000000000000000
0000000000000000
0000000000000000
0000000000000000
0000000000000000
0000000000000000
0000000000000000
0000000000000000
0000000000000000
0000000000000000
0000000000000000
0000000000000000
0000000000000000
0000000000000000
0000000000000000
0000000000000000
0000000000000000
0000000000000000
0000000000000000
0000000000000000
0000000000000000
0000000000000000
0000000000000000
0000000000000000
0000000000000000
0000000000000000
0000000000000000
0000000000000000
0000000000000000
0000000000000000
0000000000000000
0000000000000000
0000000000000000
0000000000000000
0000000000000000
0000000000000000
0000000000000000
0000000000000000
0000000000000000
0000000000000000
0000000000000000
0000000000000000
0000000000000000
0000000000000000
0000000000000000
0000000000000000
0000000000000000
0000000000000000
0000000000000000
0000000000000000
0000000000000000
0000000000000000
0000000000000000
0000000000000000
0000000000000000
0000000000000000
0000000000000000
0000000000000000
0000000000000000
0000000000000000
0000000000000000
0000000000000000
0000000000000000
0000000000000000
0000000000000000
0000000000000000
0000000000000000
0000000000000000
0000000000000000
0000000000000000
0000000000000000
0000000000000000
0000000000000000
0000000000000000
0000000000000000
0000000000000000
0000000000000000
0000000000000000
0000000000000000
0000000000000000
0000000000000000
0000000000000000
0000000000000000
0000000000000000
0000000000000000
0000000000000000
0000000000000000
0000000000000000
0000000000000000
0000000000000000
0000000000000000
0000000000000000
0000000000000000
0000000000000000
0000000000000000
0000000000000000
0000000000000000
0000000000000000
0000000000000000
0000000000000000
0000000000000000
0000000000000000
0000000000000000
0000000000000000
0000000000000000
0000000000000000
0000000000000000
0000000000000000
0000000000000000
0000000000000000
0000000000000000
0000000000000000
0000000000000000
0000000000000000
0000000000000000
0000000000000000
0000000000000000
0000000000000000
0000000000000000
0000000000000000
0000000000000000
0000000000000000
0000000000000000
0000000000000000
0000000000000000
0000000000000000
0000000000000000
0000000000000000
0000000000000000
0000000000000000
0000000000000000
0000000000000000
0000000000000000
0000000000000000
0000000000000000
0000000000000000
0000000000000000
0000000000000000
0000000000000000
0000000000000000
0000000000000000
0000000000000000
0000000000000000
0000000000000000
0000000000000000
0000000000000000
0000000000000000
0000000000000000
0000000000000000
0000000000000000
0000000000000000
0000000000000000
0000000000000000
0000000000000000
0000000000000000
0000000000000000
0000000000000000
0000000000000000
0000000000000000
0000000000000000
0000000000000000
0000000000000000
0000000000000000
0000000000000000
0000000000000000
0000000000000000
0000000000000000
0000000000000000
0000000000000000
0000000000000000
0000000000000000
0000000000000000
0000000000000000
0000000000000000
0000000000000000
0000000000000000
0000000000000000
0000000000000000
0000000000000000
0000000000000000
0000000000000000
0000000000000000
0000000000000000
0000000000000000
0000000000000000
0000000000000000
0000000000000000
0000000000000000
0000000000000000
0000000000000000
0000000000000000
0000000000000000
0000000000000000
0000000000000000
0000000000000000
0000000000000000
0000000000000000
0000000000000000
0000000000000000
0000000000000000
0000000000000000
0000000000000000
0000000000000000
0000000000000000
0000000000000000
0000000000000000
0000000000000000
0000000000000000
0000000000000000
0000000000000000
0000000000000000
0000000000000000
0000000000000000
0000000000000000
0000000000000000
0000000000000000
0000000000000000
0000000000000000
0000000000000000
0000000000000000
0000000000000000
0000000000000000
0000000000000000
0000000000000000
0000000000000000
0000000000000000
0000000000000000
0000000000000000
0000000000000000
0000000000000000
0000000000000000
0000000000000000
0000000000000000
0000000000000000
0000000000000000
0000000000000000
0000000000000000
0000000000000000
0000000000000000
0000000000000000
0000000000000000
0000000000000000
0000000000000000
0000000000000000
0000000000000000
0000000000000000
0000000000000000
0000000000000000
0000000000000000
0000000000000000
0000000000000000
0000000000000000
0000000000000000
0000000000000000
0000000000000000
0000000000000000
0000000000000000
0000000000000000
0000000000000000
0000000000000000
0000000000000000
0000000000000000
0000000000000000
0000000000000000
0000000000000000
0000000000000000
0000000000000000
0000000000000000
0000000000000000
0000000000000000
0000000000000000
0000000000000000
0000000000000000
0000000000000000
0000000000000000
0000000000000000
0000000000000000
0000000000000000
0000000000000000
0000000000000000
0000000000000000
0000000000000000
0000000000000000
0000000000000000
0000000000000000
0000000000000000
0000000000000000
0000000000000000
0000000000000000
0000000000000000
0000000000000000
0000000000000000
0000000000000000
0000000000000000
0000000000000000
0000000000000000
0000000000000000
0000000000000000
0000000000000000
0000000000000000
0000000000000000
0000000000000000
0000000000000000
0000000000000000
0000000000000000
0000000000000000
0000000000000000
0000000000000000
0000000000000000
0000000000000000
0000000000000000
0000000000000000
0000000000000000
0000000000000000
0000000000000000
0000000000000000
0000000000000000
0000000000000000
0000000000000000
0000000000000000
0000000000000000
0000000000000000
0000000000000000
0000000000000000
0000000000000000
0000000000000000
0000000000000000
0000000000000000
0000000000000000
0000000000000000
0000000000000000
0000000000000000
0000000000000000
0000000000000000
0000000000000000
0000000000000000
0000000000000000
0000000000000000
0000000000000000
0000000000000000
0000000000000000
0000000000000000
0000000000000000
0000000000000000
0000000000000000
0000000000000000
0000000000000000
0000000000000000
0000000000000000
0000000000000000
0000000000000000
0000000000000000
0000000000000000
0000000000000000
0000000000000000
0000000000000000
0000000000000000
0000000000000000
0000000000000000
0000000000000000
0000000000000000
0000000000000000
0000000000000000
0000000000000000
0000000000000000
0000000000000000
0000000000000000
0000000000000000
0000000000000000
0000000000000000
0000000000000000
0000000000000000
0000000000000000
0000000000000000
0000000000000000
0000000000000000
0000000000000000
0000000000000000
0000000000000000
0000000000000000
0000000000000000
0000000000000000
0000000000000000
0000000000000000
0000000000000000
0000000000000000
0000000000000000
0000000000000000
0000000000000000
0000000000000000
0000000000000000
0000000000000000
0000000000000000
0000000000000000
0000000000000000
0000000000000000
0000000000000000
0000000000000000
0000000000000000
0000000000000000
0000000000000000
0000000000000000
0000000000000000
0000000000000000
0000000000000000
0000000000000000
0000000000000000
0000000000000000
0000000000000000
0000000000000000
0000000000000000
0000000000000000
0000000000000000
0000000000000000
0000000000000000
0000000000000000
0000000000000000
0000000000000000
0000000000000000
0000000000000000
0000000000000000
0000000000000000
0000000000000000
0000000000000000
0000000000000000
0000000000000000
0000000000000000
0000000000000000
0000000000000000
0000000000000000
0000000000000000
0000000000000000
0000000000000000
0000000000000000
0000000000000000
0000000000000000
0000000000000000
0000000000000000
0000000000000000
0000000000000000
0000000000000000
0000000000000000
0000000000000000
0000000000000000
0000000000000000
0000000000000000
0000000000000000
0000000000000000
0000000000000000
0000000000000000
0000000000000000
0000000000000000
0000000000000000
0000000000000000
0000000000000000
0000000000000000
0000000000000000
0000000000000000
0000000000000000
0000000000000000
0000000000000000
0000000000000000
0000000000000000
0000000000000000
0000000000000000
0000000000000000
0000000000000000
0000000000000000
0000000000000000
0000000000000000
0000000000000000
0000000000000000
0000000000000000
0000000000000000
0000000000000000
0000000000000000
0000000000000000
0000000000000000
0000000000000000
0000000000000000
0000000000000000
0000000000000000
0000000000000000
0000000000000000
0000000000000000
0000000000000000
0000000000000000
0000000000000000
0000000000000000
0000000000000000
0000000000000000
0000000000000000
0000000000000000
0000000000000000
0000000000000000
0000000000000000
0000000000000000
0000000000000000
0000000000000000
0000000000000000
0000000000000000
0000000000000000
0000000000000000
0000000000000000
0000000000000000
0000000000000000
0000000000000000
0000000000000000
0000000000000000
0000000000000000
0000000000000000
0000000000000000
0000000000000000
0000000000000000
0000000000000000
0000000000000000
0000000000000000
0000000000000000
0000000000000000
0000000000000000
0000000000000000
0000000000000000
0000000000000000
0000000000000000
0000000000000000
0000000000000000
0000000000000000
0000000000000000
0000000000000000
0000000000000000
0000000000000000
0000000000000000
0000000000000000
0000000000000000
0000000000000000
0000000000000000
0000000000000000
0000000000000000
0000000000000000
0000000000000000
0000000000000000
0000000000000000
0000000000000000
0000000000000000
0000000000000000
0000000000000000
0000000000000000
0000000000000000
0000000000000000
0000000000000000
0000000000000000
0000000000000000
0000000000000000
0000000000000000
0000000000000000
0000000000000000
0000000000000000
0000000000000000
0000000000000000
0000000000000000
0000000000000000
0000000000000000
0000000000000000
0000000000000000
0000000000000000
0000000000000000
0000000000000000
0000000000000000
0000000000000000
0000000000000000
0000000000000000
0000000000000000
0000000000000000
0000000000000000
0000000000000000
0000000000000000
0000000000000000
0000000000000000
0000000000000000
0000000000000000
0000000000000000
0000000000000000
0000000000000000
0000000000000000
0000000000000000
0000000000000000
0000000000000000
0000000000000000
0000000000000000
0000000000000000
0000000000000000
0000000000000000
0000000000000000
0000000000000000
0000000000000000
0000000000000000
0000000000000000
0000000000000000
0000000000000000
0000000000000000
0000000000000000
0000000000000000
0000000000000000
0000000000000000
0000000000000000
0000000000000000
0000000000000000
0000000000000000
0000000000000000
0000000000000000
0000000000000000
0000000000000000
0000000000000000
0000000000000000
0000000000000000
0000000000000000
0000000000000000
0000000000000000
0000000000000000
0000000000000000
0000000000000000
0000000000000000
0000000000000000
0000000000000000
0000000000000000
0000000000000000
0000000000000000
0000000000000000
0000000000000000
0000000000000000
0000000000000000
0000000000000000
0000000000000000
0000000000000000
0000000000000000
0000000000000000
0000000000000000
0000000000000000
0000000000000000
0000000000000000
0000000000000000
0000000000000000
0000000000000000
0000000000000000
0000000000000000
0000000000000000
0000000000000000
0000000000000000
0000000000000000
0000000000000000
0000000000000000
0000000000000000
0000000000000000
0000000000000000
0000000000000000
0000000000000000
0000000000000000
0000000000000000
0000000000000000
0000000000000000
0000000000000000
0000000000000000
0000000000000000
0000000000000000
0000000000000000
0000000000000000
0000000000000000
0000000000000000
0000000000000000
0000000000000000
0000000000000000
0000000000000000
0000000000000000
0000000000000000
0000000000000000
0000000000000000
0000000000000000
0000000000000000
0000000000000000
0000000000000000
0000000000000000
0000000000000000
0000000000000000
0000000000000000
0000000000000000
0000000000000000
0000000000000000
0000000000000000
0000000000000000
0000000000000000
0000000000000000
0000000000000000
0000000000000000
0000000000000000
0000000000000000
0000000000000000
0000000000000000
0000000000000000
0000000000000000
0000000000000000
0000000000000000
0000000000000000
0000000000000000
0000000000000000
0000000000000000
0000000000000000
0000000000000000
0000000000000000
0000000000000000
0000000000000000
0000000000000000
0000000000000000
0000000000000000
0000000000000000
0000000000000000
0000000000000000
0000000000000000
0000000000000000
0000000000000000
0000000000000000
0000000000000000
0000000000000000
0000000000000000
0000000000000000
0000000000000000
0000000000000000
0000000000000000
0000000000000000
0000000000000000
0000000000000000
0000000000000000
0000000000000000
0000000000000000
0000000000000000
0000000000000000
0000000000000000
0000000000000000
0000000000000000
0000000000000000
0000000000000000
0000000000000000
0000000000000000
0000000000000000
0000000000000000
0000000000000000
0000000000000000
0000000000000000
0000000000000000
0000000000000000
0000000000000000
0000000000000000
0000000000000000
0000000000000000
0000000000000000
0000000000000000
0000000000000000
0000000000000000
0000000000000000
0000000000000000
0000000000000000
0000000000000000
0000000000000000
0000000000000000
0000000000000000
0000000000000000
0000000000000000
0000000000000000
0000000000000000
0000000000000000
0000000000000000
0000000000000000
0000000000000000
0000000000000000
0000000000000000
0000000000000000
0000000000000000
0000000000000000
0000000000000000
0000000000000000
0000000000000000
0000000000000000
0000000000000000
0000000000000000
0000000000000000
0000000000000000
0000000000000000
0000000000000000
0000000000000000
0000000000000000
0000000000000000
0000000000000000
0000000000000000
0000000000000000
0000000000000000
0000000000000000
0000000000000000
0000000000000000
0000000000000000
0000000000000000
0000000000000000
0000000000000000
0000000000000000
0000000000000000
0000000000000000
0000000000000000
0000000000000000
0000000000000000
0000000000000000
0000000000000000
0000000000000000
0000000000000000
0000000000000000
0000000000000000
0000000000000000
0000000000000000
0000000000000000
0000000000000000
0000000000000000
0000000000000000
0000000000000000
0000000000000000
0000000000000000
0000000000000000
0000000000000000
0000000000000000
0000000000000000
0000000000000000
0000000000000000
0000000000000000
0000000000000000
0000000000000000
0000000000000000
0000000000000000
0000000000000000
0000000000000000
0000000000000000
0000000000000000
0000000000000000
0000000000000000
0000000000000000
0000000000000000
0000000000000000
0000000000000000
0000000000000000
0000000000000000
0000000000000000
0000000000000000
0000000000000000
0000000000000000
0000000000000000
0000000000000000
0000000000000000
0000000000000000
0000000000000000
0000000000000000
0000000000000000
0000000000000000
0000000000000000
0000000000000000
0000000000000000
0000000000000000
0000000000000000
0000000000000000
0000000000000000
0000000000000000
0000000000000000
0000000000000000
0000000000000000
0000000000000000
0000000000000000
0000000000000000
0000000000000000
0000000000000000
0000000000000000
0000000000000000
0000000000000000
0000000000000000
0000000000000000
0000000000000000
0000000000000000
0000000000000000
0000000000000000
0000000000000000
0000000000000000
0000000000000000
0000000000000000
0000000000000000
0000000000000000
0000000000000000
0000000000000000
0000000000000000
0000000000000000
0000000000000000
0000000000000000
0000000000000000
0000000000000000
0000000000000000
0000000000000000
0000000000000000
0000000000000000
0000000000000000
0000000000000000
0000000000000000
0000000000000000
0000000000000000
0000000000000000
0000000000000000
0000000000000000
0000000000000000
0000000000000000
0000000000000000
0000000000000000
0000000000000000
0000000000000000
0000000000000000
0000000000000000
0000000000000000
0000000000000000
0000000000000000
0000000000000000
0000000000000000
0000000000000000
0000000000000000
0000000000000000
0000000000000000
0000000000000000
0000000000000000
0000000000000000
0000000000000000
0000000000000000
0000000000000000
0000000000000000
0000000000000000
0000000000000000
0000000000000000
0000000000000000
0000000000000000
0000000000000000
0000000000000000
0000000000000000
0000000000000000
0000000000000000
0000000000000000
0000000000000000
0000000000000000
0000000000000000
0000000000000000
0000000000000000
0000000000000000
0000000000000000
0000000000000000
0000000000000000
0000000000000000
0000000000000000
0000000000000000
0000000000000000
0000000000000000
0000000000000000
0000000000000000
0000000000000000
0000000000000000
0000000000000000
0000000000000000
0000000000000000
0000000000000000
0000000000000000
0000000000000000
0000000000000000
0000000000000000
0000000000000000
0000000000000000
0000000000000000
0000000000000000
0000000000000000
0000000000000000
0000000000000000
0000000000000000
0000000000000000
0000000000000000
0000000000000000
0000000000000000
0000000000000000
0000000000000000
0000000000000000
0000000000000000
0000000000000000
0000000000000000
0000000000000000
0000000000000000
0000000000000000
0000000000000000
0000000000000000
0000000000000000
0000000000000000
0000000000000000
0000000000000000
0000000000000000
0000000000000000
0000000000000000
0000000000000000
0000000000000000
0000000000000000
0000000000000000
0000000000000000
0000000000000000
0000000000000000
0000000000000000
0000000000000000
0000000000000000
0000000000000000
0000000000000000
0000000000000000
0000000000000000
0000000000000000
0000000000000000
0000000000000000
0000000000000000
0000000000000000
0000000000000000
0000000000000000
0000000000000000
0000000000000000
0000000000000000
0000000000000000
0000000000000000
0000000000000000
0000000000000000
0000000000000000
0000000000000000
0000000000000000
0000000000000000
0000000000000000
0000000000000000
0000000000000000
0000000000000000
0000000000000000
0000000000000000
0000000000000000
0000000000000000
0000000000000000
0000000000000000
0000000000000000
0000000000000000
0000000000000000
0000000000000000
0000000000000000
0000000000000000
0000000000000000
0000000000000000
0000000000000000
0000000000000000
0000000000000000
0000000000000000
0000000000000000
0000000000000000
0000000000000000
0000000000000000
0000000000000000
0000000000000000
0000000000000000
0000000000000000
0000000000000000
0000000000000000
0000000000000000
0000000000000000
0000000000000000
0000000000000000
0000000000000000
0000000000000000
0000000000000000
0000000000000000
0000000000000000
0000000000000000
0000000000000000
0000000000000000
0000000000000000
0000000000000000
0000000000000000
0000000000000000
0000000000000000
0000000000000000
0000000000000000
0000000000000000
0000000000000000
0000000000000000
0000000000000000
0000000000000000
0000000000000000
0000000000000000
0000000000000000
0000000000000000
0000000000000000
0000000000000000
0000000000000000
0000000000000000
0000000000000000
0000000000000000
0000000000000000
0000000000000000
0000000000000000
0000000000000000
0000000000000000
0000000000000000
0000000000000000
0000000000000000
0000000000000000
0000000000000000
